CRIM,ZN,INDUS,RM,AGE,RAD,PTRATIO,B,LSTAT,MEDV
-0.4169751522872508,0.30150439074958524,-1.2905369939599676,0.5045241541077682,-0.10932016791562416,-0.9796334578205713,-1.5257205043981703,0.44308169883491927,-1.1215330745022678,24.0
-0.4145686366472884,-0.48642708374266413,-0.5927230210485702,0.2687427182348011,0.37710277051984137,-0.8645758369356049,-0.3411548953933793,0.44308169883491927,-0.5342262260537047,21.6
-0.4145709296588558,-0.48642708374266413,-0.5927230210485702,1.4384636078902997,-0.2548919962065299,-0.8645758369356049,-0.3411548953933793,0.3991454766220983,-1.2556536288354732,34.7
-0.41398850472074195,-0.48642708374266413,-1.3095949385983041,1.1521575786159832,-0.7981234529994221,-0.7495182160506384,0.08528872384834482,0.41857672968919374,-1.409539317491467,33.4
-0.409783121506172,-0.48642708374266413,-1.3095949385983041,1.3802837730645034,-0.49987873162293217,-0.7495182160506384,0.08528872384834482,0.44308169883491927,-1.0721202386952973,36.2
-0.41427742417823143,-0.48642708374266413,-1.3095949385983041,0.2825221527988048,-0.3401047737426698,-0.7495182160506384,0.08528872384834482,0.41307120798685015,-1.0890617824005444,28.7
-0.4075772443783551,0.06074755132139794,-0.4754433617357304,-0.3574560302849634,-0.05961271435287617,-0.5194029742807056,-1.5731031287583626,0.42904801606423987,-0.06974556946818278,22.9
-0.4011270028393228,0.06074755132139794,-0.4754433617357304,-0.11248830470265966,0.987794342862177,-0.5194029742807056,-1.5731031287583626,0.44308169883491927,0.8789808780256495,27.1
-0.3934809557679033,0.06074755132139794,-0.4754433617357304,-0.9407854268278227,1.1262651063584046,-0.5194029742807056,-1.5731031287583626,0.33221560494654795,2.4008962208803393,16.5
-0.3982045595967005,0.06074755132139794,-0.4754433617357304,-0.36970441656407865,0.6256400383335828,-0.5194029742807056,-1.5731031287583626,0.33307921619397424,0.5895628397276802,18.9
-0.39191597537316836,0.06074755132139794,-0.4754433617357304,0.20137659369966687,0.9238847597100722,-0.5194029742807056,-1.5731031287583626,0.3957989830383208,1.0625142681658255,15.0
-0.40423174050155164,0.06074755132139794,-0.4754433617357304,-0.3620491751396305,0.5191240664134079,-0.5194029742807056,-1.5731031287583626,0.44308169883491927,0.048845236468546264,18.9
-0.40694781270311003,0.06074755132139794,-0.4754433617357304,-0.5457749693263583,-1.0395596560184852,-0.5194029742807056,-1.5731031287583626,0.3739927990408029,0.39332329180856895,21.7
-0.34549739570896654,-0.48642708374266413,-0.43586147671764686,-0.45391207223299507,-0.23003826942515593,-0.634460595165672,1.1750890841327528,0.44308169883491927,-0.6584642132255163,20.4
-0.34455726096634187,-0.48642708374266413,-0.43586147671764686,-0.22884797435425328,0.5759325847708343,-0.634460595165672,1.1750890841327528,0.2608597256279367,-0.3761051514713995,18.2
-0.34576911757970075,-0.48642708374266413,-0.43586147671764686,-0.629982624995276,-0.4182164864841315,-0.634460595165672,1.1750890841327528,0.4292639188760963,-0.6288165117413339,19.9
-0.2968660598822457,-0.48642708374266413,-0.43586147671764686,-0.47534674822144696,-1.383961298560384,-0.634460595165672,1.1750890841327528,0.334590535876971,-0.8956458250989744,23.1
-0.3277907603856793,-0.48642708374266413,-0.43586147671764686,-0.3911390925525292,0.4765176776453378,-0.634460595165672,1.1750890841327528,0.3335110218176877,0.24649657969642808,17.5
-0.3256685781800716,-0.48642708374266413,-0.43586147671764686,-1.2087188766834671,-1.124772433554625,-0.634460595165672,1.1750890841327528,-0.7218219225374438,-0.17421842231720602,20.2
-0.3344863541624209,-0.48642708374266413,-0.43586147671764686,-0.7938047914784405,0.04335272516995978,-0.634460595165672,1.1750890841327528,0.3788506123075766,-0.2321020299768,18.2
-0.27418129644618244,-0.48642708374266413,-0.43586147671764686,-1.034179372206076,1.0588049908089603,-0.634460595165672,1.1750890841327528,0.22361649058267083,1.1429866007657488,13.6
-0.3200128651491356,-0.48642708374266413,-0.43586147671764686,-0.42941529967476466,0.7428076074457751,-0.634460595165672,1.1750890841327528,0.39590693444424896,0.12790577375969903,19.6
-0.2763963456202688,-0.48642708374266413,-0.43586147671764686,-0.1584197532493406,0.8315709173792541,-0.634460595165672,1.1750890841327528,0.44308169883491927,0.8182736797485144,15.2
-0.3043756727654063,-0.48642708374266413,-0.43586147671764686,-0.6621346389779532,1.1262651063584046,-0.634460595165672,1.1750890841327528,0.4176051670358393,0.9820419355659022,14.5
-0.33168200101551853,-0.48642708374266413,-0.43586147671764686,-0.4921882793552292,0.9167836949153938,-0.634460595165672,1.1750890841327528,0.4153381875113444,0.4766192150260334,15.6
-0.32133134680037756,-0.48642708374266413,-0.43586147671764686,-0.9897789719442835,0.6185389735389044,-0.634460595165672,1.1750890841327528,-0.5660480437828964,0.5062669165102157,13.9
-0.340664873830719,-0.48642708374266413,-0.43586147671764686,-0.6621346389779532,0.7818634638165057,-0.634460595165672,1.1750890841327528,0.2269629841664484,0.26626171401921633,16.6
-0.30812016065493336,-0.48642708374266413,-0.43586147671764686,-0.30386934031383434,0.7286054778564183,-0.634460595165672,1.1750890841327528,-0.5340944276281177,0.6149751552855507,14.8
-0.32907599336919424,-0.48642708374266413,-0.43586147671764686,0.38204029131661627,0.9274352921074117,-0.634460595165672,1.1750890841327528,0.34635723912315625,-0.017509143043671023,18.4
-0.3027682716566748,-0.48642708374266413,-0.43586147671764686,0.6560979343118187,0.6753474918963308,-0.634460595165672,1.1750890841327528,0.2631267051524316,-0.13327635836285895,21.0
-0.2880517234172475,-0.48642708374266413,-0.43586147671764686,-0.8152394674668925,0.9167836949153938,-0.634460595165672,1.1750890841327528,0.0465761848602472,1.3660502595515014,12.7
-0.2623803124146753,-0.48642708374266413,-0.43586147671764686,-0.26559313319159883,1.1262651063584046,-0.634460595165672,1.1750890841327528,0.22534371307752402,0.01637394436682277,14.5
-0.2585658876723432,-0.48642708374266413,-0.43586147671764686,-0.45238102394810514,0.4871692748373552,-0.634460595165672,1.1750890841327528,-1.3305599005671687,2.08747766233327,13.2
-0.28565437982355457,-0.48642708374266413,-0.43586147671764686,-0.8336120468855659,0.9487384864914464,-0.634460595165672,1.1750890841327528,0.03146298803028382,0.7660372533240032,13.1
-0.2327889981376716,-0.48642708374266413,-0.43586147671764686,-0.22884797435425328,1.0161986020408909,-0.634460595165672,1.1750890841327528,-1.1609682418537979,1.0469845197693493,13.5
-0.4103426163286121,-0.48642708374266413,-0.7554485483451356,-0.4784088447912254,-0.0028041959954492484,-0.5194029742807056,0.32220184564930304,0.44308169883491927,-0.4579892793800934,18.9
-0.40652819158627995,-0.48642708374266413,-0.7554485483451356,-0.6192652870010494,-0.24424039901451253,-0.5194029742807056,0.32220184564930304,0.23430367976957336,-0.2137486909627823,20.0
-0.4085116465920613,-0.48642708374266413,-0.7554485483451356,-0.6054858524370457,-0.9507963460850061,-0.5194029742807056,0.32220184564930304,0.44308169883491927,-0.5864626524782165,21.0
-0.3976301601990725,-0.48642708374266413,-0.7554485483451356,-0.42788425138987474,-1.3520065069843314,-0.5194029742807056,0.32220184564930304,0.405622560977797,-0.3944584904854169,24.7
-0.41453194846221036,2.796620726641708,-1.1967132665096956,0.5351451198055555,-1.6502512283608213,-0.7495182160506384,-0.10424177359242107,0.42937187028202445,-1.2147115648811264,30.8
-0.413848631015132,2.796620726641708,-1.1967132665096956,1.1919648340231073,-1.8632831722011711,-0.7495182160506384,-0.10424177359242107,0.4292639188760963,-1.545071667133443,34.9
-0.4030886742352141,-0.48642708374266413,-0.6161789529111382,0.8030785696611997,-2.321301851457923,-0.7495182160506384,-0.29377227103318865,0.3190455334232948,-1.141298208825056,26.6
-0.40147668710334783,-0.48642708374266413,-0.6161789529111382,-0.11708144955732804,-2.189932152756374,-0.7495182160506384,-0.29377227103318865,0.2970234466139199,-1.0043540638743094,25.3
-0.39942902777367995,-0.48642708374266413,-0.6161789529111382,-0.05277742159197227,-2.1934826851537133,-0.7495182160506384,-0.29377227103318865,0.4167415557884124,-0.7742314285447041,24.7
-0.40363326448246617,-0.48642708374266413,-0.6161789529111382,-0.2701862780462672,-1.0040543320450934,-0.7495182160506384,-0.29377227103318865,0.36201019298276066,-0.4763426183941108,21.2
-0.3980463417985515,-0.48642708374266413,-0.6161789529111382,-0.8627019642984632,-1.2241873406801218,-0.7495182160506384,-0.29377227103318865,0.44308169883491927,-0.38316412801525224,19.3
-0.39610416100098295,-0.48642708374266413,-0.6161789529111382,-0.7034729426699672,-1.2419400026668175,-0.7495182160506384,-0.29377227103318865,0.44308169883491927,0.17308322364035778,20.0
-0.3914138058399127,-0.48642708374266413,-0.6161789529111382,-0.3298971611569532,0.611437908744226,-0.7495182160506384,-0.29377227103318865,0.3981739139687438,0.8295680422186794,16.6
-0.38859340161203865,-0.48642708374266413,-0.6161789529111382,-1.2959886289221632,0.9593900836834639,-0.7495182160506384,-0.29377227103318865,0.44308169883491927,2.5251342080521506,14.4
-0.39250298633441694,-0.48642708374266413,-0.6161789529111382,-0.9851858270896152,-0.2229372046304775,-0.7495182160506384,-0.29377227103318865,0.44308169883491927,0.46250126193832736,19.4
-0.40752679812387277,0.4328263031649602,-0.8023604120702716,-0.4324773962445431,-0.801673985396761,-0.634460595165672,-0.8149811389952957,0.4286162104405264,0.07425755202641673,19.7
-0.41272734835868446,0.4328263031649602,-0.8023604120702716,-0.19975805694135454,-0.18743188065708585,-0.634460595165672,-0.8149811389952957,0.4114519368979258,-0.493284162099358,20.5
-0.411554472941971,0.4328263031649602,-0.8023604120702716,0.4065370638748466,-1.6751049551421953,-0.634460595165672,-0.8149811389952957,0.44308169883491927,-1.0791792152391502,25.0
-0.41198899863398897,0.4328263031649602,-0.8023604120702716,-0.378890706273414,-1.664453357950178,-0.634460595165672,-0.8149811389952957,0.44308169883491927,-0.6344636929764164,23.4
-0.41614049607672554,2.796620726641708,-1.0427837136615934,-0.5473060176112482,-0.734213869847317,-0.7495182160506384,1.2224717084929453,0.44308169883491927,0.2648499187104458,18.9
-0.41619667486012624,3.453230288718583,-1.450330529773712,1.536450698123221,-1.6467006959634822,-0.5194029742807056,-0.29377227103318865,0.4326104124598738,-1.1455335947513678,35.4
-0.4153436745570619,3.2343604346929578,-1.520698325361416,0.21056288340900361,-1.1567272251306775,-0.8645758369356049,-0.5780680171943375,0.44308169883491927,-1.0100012451093918,24.7
-0.4160579476602999,3.8909699967698326,-1.4356705723596068,0.8735067907661124,-0.9863016700583976,-0.5194029742807056,-1.6204857531185541,0.3999011364635964,-1.266947991305638,31.6
-0.39999196211347104,0.60792218638546,-0.877126194882207,-0.1538266083946736,-1.387511830957723,-0.1742301116258063,0.5591149674502612,0.3759359243475125,-0.856115556453398,23.3
-0.40585863220860585,0.60792218638546,-0.877126194882207,-0.48759513450056213,-0.7484159994366736,-0.1742301116258063,0.5591149674502612,0.44308169883491927,-0.5229318635835402,19.6
-0.4005801195805034,0.60792218638546,-0.877126194882207,-0.7723701154899899,-0.07381484394223252,-0.1742301116258063,0.5591149674502612,0.4237583971737527,0.031903692763299366,18.7
-0.3980130931308245,0.60792218638546,-0.877126194882207,-0.42788425138987474,0.89192996813402,-0.1742301116258063,0.5591149674502612,0.23991715287784512,0.21402528759470457,16.0
-0.4050572246658075,0.60792218638546,-0.877126194882207,0.3223294082059302,-0.017006325584806106,-0.1742301116258063,0.5591149674502612,0.44308169883491927,-0.8744688954674156,22.2
-0.4031964457788808,0.60792218638546,-0.877126194882207,0.7908301833820844,-0.883336230535562,-0.1742301116258063,0.5591149674502612,0.4288321132523828,-0.48340159493796386,25.0
-0.41546291115856554,0.2796174053470228,-1.426874597911144,1.3144486968142592,-0.3117005145639566,-0.7495182160506384,0.03790609948815419,0.4035714842651592,-0.6881119147096985,33.0
-0.413590667213802,3.015490580667333,-1.1351414453704547,0.06817539291428971,-1.792272524254388,-0.634460595165672,-1.1466595095166368,0.44308169883491927,-1.1652987290741559,23.5
-0.4126791951157695,3.015490580667333,-1.1351414453704547,-0.7019418943850773,-1.320051715408279,-0.634460595165672,-1.1466595095166368,0.44308169883491927,-0.3789287420889406,19.4
-0.41106262196076854,0.06074755132139794,-0.7393225951896201,-0.5626165004601419,-1.664453357950178,-0.634460595165672,0.18005397256872777,0.43563305182586615,-0.6810529381658457,22.0
-0.40216000455042633,0.06074755132139794,-0.7393225951896201,-0.9974342133687304,-1.1176713687599469,-0.634460595165672,0.18005397256872777,0.44308169883491927,0.02343292091067579,17.4
-0.40300612581878853,0.06074755132139794,-0.7393225951896201,-0.5518991624659165,-1.2525915998588348,-0.634460595165672,0.18005397256872777,0.44308169883491927,-0.5836390618606754,20.9
-0.4075806838957062,-0.48642708374266413,-0.044440613761043746,0.2626185250952428,-2.189932152756374,-0.634460595165672,0.32220184564930304,0.30090969722733907,-0.8758806907761862,24.2
-0.3994978181207013,-0.48642708374266413,-0.044440613761043746,-0.4355394928143216,-1.8029241214464053,-0.634460595165672,0.32220184564930304,0.22761069260201824,-0.42975337320468154,21.7
-0.4071931649408194,-0.48642708374266413,-0.044440613761043746,-0.27631047118582414,-2.147325763988304,-0.634460595165672,0.32220184564930304,0.3784188066838638,-1.0452961278286563,22.8
-0.3952981674350498,-0.48642708374266413,-0.044440613761043746,-0.0007217799057330565,-2.2041342823457306,-0.634460595165672,0.32220184564930304,0.23009357493836952,-0.7601134754569983,23.4
-0.4086469342745366,-0.48642708374266413,0.2516905260038769,0.042147572071169426,-2.211235347140409,-0.5194029742807056,0.08528872384834482,0.42170732046111487,-0.8674099189235627,24.1
-0.4067941809280957,-0.48642708374266413,0.2516905260038769,0.06205119977473143,-0.8265277121781353,-0.5194029742807056,0.08528872384834482,0.2955121269309237,-0.5624621322291166,21.4
-0.4060592707207514,-0.48642708374266413,0.2516905260038769,0.051333861780506154,0.22087934503691795,-0.5194029742807056,0.08528872384834482,0.19220263145753377,-0.1346881536716295,20.0
-0.4077171180839651,-0.48642708374266413,0.2516905260038769,-0.16148184981912042,-0.7981234529994221,-0.5194029742807056,0.08528872384834482,0.33577800134218194,-0.37469335616262894,20.8
-0.41122657228783605,-0.48642708374266413,0.2516905260038769,-0.020625407609295068,-0.517631393609628,-0.5194029742807056,0.08528872384834482,0.3297327226101967,-0.08245172724711801,21.2
-0.4080839999347455,-0.48642708374266413,0.2516905260038769,-0.5687406935997001,-1.124772433554625,-0.5194029742807056,0.08528872384834482,0.43401378073694175,-0.5398734072887873,20.3
-0.4129841656542307,0.60792218638546,-0.9167080799002905,0.7372434934109567,-1.2348389378721392,-0.634460595165672,0.22743659692892007,0.44308169883491927,-1.0777674199303797,28.0
-0.41258403513572334,0.60792218638546,-0.9167080799002905,0.571890278642901,0.07530751674601245,-0.634460595165672,0.22743659692892007,0.42937187028202445,-0.805290925337657,23.9
-0.4135046792800253,0.60792218638546,-0.9167080799002905,0.08654797233296181,-1.280995859037548,-0.634460595165672,0.22743659692892007,0.44308169883491927,-0.8758806907761862,24.8
-0.4136285019046637,0.60792218638546,-0.9167080799002905,-0.12014354612710648,-0.7661686614233694,-0.634460595165672,0.22743659692892007,0.3755041187237991,-0.76434886138331,22.9
-0.41189957118286125,-0.48642708374266413,-0.9709499223324789,0.21974917311834033,-0.7200117402579604,-0.7495182160506384,-0.009476524872038126,0.44308169883491927,-0.46646005123271694,23.9
-0.41112453327308773,-0.48642708374266413,-0.9709499223324789,0.5887318097766846,-0.4324186160734881,-0.7495182160506384,-0.009476524872038126,0.3934240521078983,-0.9027048016428273,26.6
-0.4117516719367654,-0.48642708374266413,-0.9709499223324789,-0.3528628854302951,-0.8229771797807961,-0.7495182160506384,-0.009476524872038126,0.4332581208954437,-0.0090383711910477,22.5
-0.4095010810833846,-0.48642708374266413,-0.9709499223324789,-0.1905717672320178,-0.4075648892921141,-0.7495182160506384,-0.009476524872038126,0.42419020279746555,-0.6330518976676458,22.2
-0.41121052120686435,-0.48642708374266413,-1.1292774624048127,1.1659370131799869,0.6398421679229391,-0.8645758369356049,-0.3411548953933793,0.44308169883491927,-1.0481197184461974,23.6
-0.4116209702774249,-0.48642708374266413,-1.1292774624048127,1.2761724896920237,-0.18388134825974664,-0.8645758369356049,-0.3411548953933793,0.43401378073694175,-1.0198838122707858,28.7
-0.41232951085174446,-0.48642708374266413,-1.1292774624048127,0.2626185250952428,-0.07736537633957198,-0.8645758369356049,-0.3411548953933793,0.3921286352367586,-0.580815471243134,22.6
-0.41319168320107835,-0.48642708374266413,-1.1292774624048127,0.2442459456765707,0.19957615065288317,-0.8645758369356049,-0.3411548953933793,0.40691797784893674,-0.6669349850781399,22.0
-0.4128809801336987,0.739244098800835,0.575675584855597,0.3008947322174783,-0.5211819260069672,-0.634460595165672,-0.1516243979526134,0.4226788831144694,-0.6725821663132221,22.9
-0.4144035398144372,0.739244098800835,0.575675584855597,-0.05277742159197227,-1.3981634281497406,-0.634460595165672,-0.1516243979526134,0.43692846869700586,-0.9478822515234859,25.0
-0.412776648107383,0.739244098800835,0.575675584855597,0.005402413233823858,0.3202942521624144,-0.634460595165672,-0.1516243979526134,0.44308169883491927,-0.3295159062819702,20.6
-0.40370778735840596,-0.48642708374266413,-1.2055092409581587,0.5810765683522378,-0.3720595653187225,-0.8645758369356049,-0.24638964667299634,0.02293482696194794,-0.8857632579375803,28.4
-0.404510341406988,-0.48642708374266413,-1.2055092409581587,-0.1262677392666634,0.04690325756729874,-0.8645758369356049,-0.24638964667299634,0.3883503360292676,-0.22363125812417642,21.4
-0.40384651455823223,-0.48642708374266413,-1.2055092409581587,2.7919102917325285,0.27413733099700544,-0.8645758369356049,-0.24638964667299634,0.44308169883491927,-1.2302413132776027,38.7
-0.4083133010914832,-0.48642708374266413,-1.2055092409581587,2.410679268795068,-1.1141208363626076,-0.8645758369356049,-0.24638964667299634,0.4067020750370797,-1.3205962130389202,43.8
-0.409834714266438,-0.48642708374266413,-1.2055092409581587,1.7921357616997515,-0.20518454264378166,-0.8645758369356049,-0.24638964667299634,0.44308169883491927,-0.950705842141027,33.2
-0.4006557889622268,-0.48642708374266413,-0.37428965557840593,0.7372434934109567,0.412608094493233,-0.5194029742807056,1.1277064597725606,0.4199800979662617,-0.49469595740812855,27.5
-0.40459288982341357,-0.48642708374266413,-0.37428965557840593,0.8199201007949832,0.10726230832206463,-0.5194029742807056,1.1277064597725606,0.4288321132523828,-0.7417601364429808,26.5
-0.39147227763488085,-0.48642708374266413,-0.37428965557840593,0.2442459456765707,0.6078873763468869,-0.5194029742807056,1.1277064597725606,-3.0772136484871795,-0.32386872504688774,18.6
-0.39343853505390686,-0.48642708374266413,-0.37428965557840593,-0.16607499467378878,0.6788980242936703,-0.5194029742807056,1.1277064597725606,0.41684950719434116,0.07284575671764618,19.3
-0.4016945232022487,-0.48642708374266413,-0.37428965557840593,-0.12014354612710648,0.7712118666244883,-0.5194029742807056,1.1277064597725606,0.39763415693910215,-0.08386352255588857,20.1
-0.4024947842392633,-0.48642708374266413,-0.37428965557840593,-0.6039548041521557,1.0090975372462123,-0.5194029742807056,1.1277064597725606,0.4123155481453521,0.500619735275133,19.5
-0.39807156492579265,-0.48642708374266413,-0.37428965557840593,-0.6269205284254963,0.8386719821739326,-0.5194029742807056,1.1277064597725606,0.4298036759057379,0.8098029078958912,19.5
-0.40266102757789823,-0.48642708374266413,-0.37428965557840593,-0.18138547752268244,0.6007863115522085,-0.5194029742807056,1.1277064597725606,0.34365845397494854,0.1646124517877342,20.4
-0.40302217689976017,-0.48642708374266413,-0.37428965557840593,0.34988827733393907,1.0232996668355687,-0.5194029742807056,1.1277064597725606,0.42516176545082063,-0.09233429440851214,19.8
-0.38747441196715854,-0.48642708374266413,-0.37428965557840593,-0.025218552463963435,0.8138182553925584,-0.5194029742807056,1.1277064597725606,0.3818732516735695,0.3707345668682396,19.4
-0.4053255070191906,-0.48642708374266413,-0.37428965557840593,-0.07727419415020265,-0.49277766682825397,-0.5194029742807056,1.1277064597725606,0.40627026941336686,0.010726763131740556,21.7
-0.40613837961982585,-0.48642708374266413,-0.16172027307388373,0.7188709139922833,0.4729671452479984,-0.4043453533957391,-0.3411548953933793,0.428940064658311,-0.3902231045591053,22.8
-0.4035644741354449,-0.48642708374266413,-0.16172027307388373,-0.5090298104890127,0.8741773061473243,-0.4043453533957391,-0.3411548953933793,0.4220311746788995,0.46391305724709814,18.8
-0.3922335574752501,-0.48642708374266413,-0.16172027307388373,-0.23497216749381156,0.9629406160808034,-0.4043453533957391,-0.3411548953933793,0.44308169883491927,0.5881510444189094,18.7
-0.40138382013486906,-0.48642708374266413,-0.16172027307388373,0.013057654658270681,0.565280987578817,-0.4043453533957391,-0.3411548953933793,0.3549933515974209,-0.34928104060475845,18.5
-0.398055513844821,-0.48642708374266413,-0.16172027307388373,-0.48606408621567226,0.7073022834723834,-0.4043453533957391,-0.3411548953933793,-0.11815766058634955,0.4003822683524217,18.3
-0.402614020840767,-0.48642708374266413,-0.16172027307388373,-0.1063641115631014,0.14986869709013467,-0.4043453533957391,-0.3411548953933793,0.40421919270072904,-0.12480558651023563,21.2
-0.40038979962041105,-0.48642708374266413,-0.16172027307388373,-0.3436765957209583,0.50847246922139,-0.4043453533957391,-0.3411548953933793,0.41728131281805403,-0.37045797023631705,19.2
-0.4027286714191358,-0.48642708374266413,-0.16172027307388373,-0.5718027901694785,0.17117189147416947,-0.4043453533957391,-0.3411548953933793,-0.18595114350932682,0.34532225131036887,20.4
-0.4011029262178654,-0.48642708374266413,-0.16172027307388373,-0.7876805983388836,-0.10932016791562416,-0.4043453533957391,-0.3411548953933793,0.3847879396336336,0.0968462769667461,19.3
-0.40979000054087417,-0.48642708374266413,2.131097066492136,-0.5748648867392571,0.0504537899646382,-0.8645758369356049,0.2748192212891124,0.3594193592404812,0.20414272043331044,22.0
-0.409485030002413,-0.48642708374266413,2.131097066492136,-0.36970441656407865,0.5617304551814775,-0.8645758369356049,0.2748192212891124,0.23549114523478487,0.19002476734560467,20.3
-0.40703838666002146,-0.48642708374266413,2.131097066492136,-0.4355394928143216,0.8741773061473243,-0.8645758369356049,0.2748192212891124,0.24002510428377336,0.7067418503556384,20.5
-0.40045858996743233,-0.48642708374266413,2.131097066492136,-0.5962995627277089,1.0197491344382297,-0.8645758369356049,0.2748192212891124,0.1560389104715506,1.7627647413160352,17.3
-0.40640780847899266,-0.48642708374266413,2.131097066492136,-0.5610854521752533,0.9771427456701597,-0.8645758369356049,0.2748192212891124,0.2539508356485252,0.6573290145486678,18.8
-0.3983215031866367,-0.48642708374266413,2.131097066492136,-0.39726328569208746,0.7144033482670619,-0.8645758369356049,0.2748192212891124,0.31483542859209035,0.26626171401921633,21.4
-0.37328984241136276,-0.48642708374266413,2.131097066492136,-0.9683442959558316,0.9700416808754813,-0.8645758369356049,0.2748192212891124,0.03707646113855621,2.0239468734385935,15.7
-0.3879880465582511,-0.48642708374266413,1.5798826677217888,-0.8458604331646811,0.9842438104648381,-0.634460595165672,1.2698543328531358,0.3913729753952605,0.6022689975066154,16.2
-0.3803890062239628,-0.48642708374266413,1.5798826677217888,0.28405320108369475,1.0836587175903345,-0.634460595165672,1.2698543328531358,0.44308169883491927,0.3481458419279102,18.0
-0.3166639217549811,-0.48642708374266413,1.5798826677217888,-0.9315991371184874,0.9380868892994291,-0.634460595165672,1.2698543328531358,0.44308169883491927,0.7646254580152324,14.3
-0.37871166826242636,-0.48642708374266413,1.5798826677217888,0.32539150477570866,1.087209249987674,-0.634460595165672,1.2698543328531358,0.42300273733225463,-0.04574504921908285,19.2
-0.28092848298319,-0.48642708374266413,1.5798826677217888,0.12329313117030738,1.044602861219604,-0.634460595165672,1.2698543328531358,0.44308169883491927,-0.09374608971728268,19.6
-0.35005017017599416,-0.48642708374266413,1.5798826677217888,0.19372135227522005,1.0517039260142824,-0.634460595165672,1.2698543328531358,0.3228238326307852,-0.25469075491712934,23.0
-0.3798856901849235,-0.48642708374266413,1.5798826677217888,-0.6483552044139481,0.9629406160808034,-0.634460595165672,1.2698543328531358,0.35445359456777925,0.297321210812169,18.4
-0.3057812888562086,-0.48642708374266413,1.5798826677217888,-0.7478733429317596,1.0694565880009783,-0.634460595165672,1.2698543328531358,-1.004978460287394,0.619210541211862,15.6
-0.3537499443399573,-0.48642708374266413,1.5798826677217888,0.13707256573431248,1.0623555232062998,-0.634460595165672,1.2698543328531358,0.4190085353129072,0.5697977054048919,18.1
-0.38070888133761194,-0.48642708374266413,1.5798826677217888,-0.4646294102272203,0.8954805005313591,-0.634460595165672,1.2698543328531358,0.24175232677862654,0.5613269335522681,17.4
-0.3773049056658404,-0.48642708374266413,1.5798826677217888,0.3192673116361504,1.0694565880009783,-0.634460595165672,1.2698543328531358,0.41263940236313673,0.2352022172262634,17.1
-0.38906002946599993,-0.48642708374266413,1.5798826677217888,-0.5947685144428191,1.0623555232062998,-0.634460595165672,1.2698543328531358,0.39061731555376245,1.1853404600288664,13.3
-0.35527021100912853,-0.48642708374266413,1.5798826677217888,-0.14464031868533686,1.0517039260142824,-0.634460595165672,1.2698543328531358,0.44308169883491927,0.7815670017204795,17.8
-0.38434789069503966,-0.48642708374266413,1.5798826677217888,-0.10942620813287984,0.899031032928698,-0.634460595165672,1.2698543328531358,0.34786855880615236,1.5862903277197122,14.0
-0.2309752259878762,-0.48642708374266413,1.5798826677217888,-1.877786977180134,1.1262651063584046,-0.634460595165672,1.2698543328531358,0.44308169883491927,3.0333805192095604,14.4
-0.0369394406506279,-0.48642708374266413,1.241237651455963,-1.2898644357826063,1.1262651063584046,-0.5194029742807056,-1.810016250559321,0.44308169883491927,1.9618278798526876,13.4
0.05206953586603932,-0.48642708374266413,1.241237651455963,-1.190346297264795,1.1262651063584046,-0.5194029742807056,-1.810016250559321,0.44308169883491927,1.9053560675018646,15.6
-0.09900094522747743,-0.48642708374266413,1.241237651455963,-2.055388578227305,1.048153393616943,-0.5194029742807056,-1.810016250559321,0.44308169883491927,2.3105413211190218,11.8
-0.14490703680637035,-0.48642708374266413,1.241237651455963,-0.17679233266801406,1.1262651063584046,-0.5194029742807056,-1.810016250559321,-1.9749218425532344,2.100183820112205,13.8
-0.17062201502872273,-0.48642708374266413,1.241237651455963,-0.9453785716824912,1.1262651063584046,-0.5194029742807056,-1.810016250559321,-2.0142161543111383,0.5260320508330035,15.6
-0.1461360910064846,-0.48642708374266413,1.241237651455963,-2.020174467674848,0.9735922132728208,-0.5194029742807056,-1.810016250559321,0.38705491915812784,2.344424408529516,14.6
-0.1504503922705049,-0.48642708374266413,1.241237651455963,-1.622101913603605,0.9061320977233764,-0.5194029742807056,-1.810016250559321,0.012247637775045424,2.173597176168275,17.8
-0.10424850219942032,-0.48642708374266413,1.241237651455963,-0.992841068514062,0.9451879540941075,-0.5194029742807056,-1.810016250559321,-0.04323938487210435,1.203693799042884,15.4
-0.22776959581668277,-0.48642708374266413,1.241237651455963,-0.18904071894712926,1.030400731630247,-0.5194029742807056,-1.810016250559321,0.1829188105476992,0.16602424709650473,21.5
-0.24614579051764424,-0.48642708374266413,1.241237651455963,-1.2883333874977165,1.1262651063584046,-0.5194029742807056,-1.810016250559321,-0.15388957594861927,0.050257031777316816,19.6
-0.2885366953637478,-0.48642708374266413,1.241237651455963,-1.8885043151743608,0.700201218677705,-0.5194029742807056,-1.810016250559321,-0.1357537397526642,-0.11351122404007094,15.3
-0.171295013923748,-0.48642708374266413,1.241237651455963,-0.8213636606064507,1.0730071203983171,-0.5194029742807056,-1.810016250559321,-1.013722524167587,0.40461765427873336,19.4
-0.2556010237157244,-0.48642708374266413,1.241237651455963,-0.17832338095290398,0.9842438104648381,-0.5194029742807056,-1.810016250559321,-0.376053569349076,0.31002736859110425,17.0
-0.01240880290282585,-0.48642708374266413,1.241237651455963,-0.14310927040044696,0.50847246922139,-0.5194029742807056,-1.810016250559321,-2.891429278884563,0.29590941550339844,15.6
-0.13718646685901106,-0.48642708374266413,1.241237651455963,-1.4904317611031164,0.9132331625180549,-0.5194029742807056,-1.810016250559321,-2.884736291717008,0.454030490085704,13.1
-0.277415589261968,-0.48642708374266413,1.241237651455963,1.0679499229470655,1.0339512640275865,-0.5194029742807056,-1.810016250559321,0.08176834319287526,-1.1765930915443206,41.3
-0.2637423612856974,-0.48642708374266413,1.241237651455963,-0.2747794229009356,1.1262651063584046,-0.5194029742807056,-1.810016250559321,-0.021217298062730067,-0.9168227547305332,24.3
-0.2543203767553442,-0.48642708374266413,1.241237651455963,0.40500601558995675,1.1262651063584046,-0.5194029742807056,-1.810016250559321,0.09126806691456625,-0.7812904050885571,23.3
-0.27169681841292914,-0.48642708374266413,1.241237651455963,0.0069334615187137665,0.8635257089553063,-0.5194029742807056,-1.810016250559321,-0.1828205527374057,-1.0481197184461974,27.0
-0.16061187303133725,-0.48642708374266413,1.241237651455963,-0.5993616592974874,0.8351214497765932,-0.5194029742807056,-1.810016250559321,0.4237583971737527,-0.18127739886105879,22.7
-0.08246145279198518,-0.48642708374266413,1.241237651455963,-0.22119273292980646,0.8777278385446632,-0.5194029742807056,-1.810016250559321,-1.2489486376853682,-0.4396359403660757,25.0
-0.21129660071664444,-0.48642708374266413,1.241237651455963,-0.5641475487450317,0.3877543677118587,-0.5194029742807056,-1.810016250559321,-1.3844276521253938,-0.11068763342252959,23.8
-0.15395755346280848,-0.48642708374266413,1.241237651455963,0.1125757931760821,0.987794342862177,-0.5194029742807056,-1.810016250559321,-0.6343812837355154,-0.25751434553467045,23.8
-0.1368597127106598,-0.48642708374266413,1.241237651455963,0.23965280082190235,0.9558395512861249,-0.5194029742807056,-1.810016250559321,-0.27868140120174245,-0.2264548487417175,22.3
-0.2792683426084089,-0.48642708374266413,1.241237651455963,-0.5672096453148102,0.9345363569020896,-0.5194029742807056,-1.810016250559321,-0.6861979585811023,0.21261349228593404,17.4
-0.1524097706548288,-0.48642708374266413,1.241237651455963,-0.5595544038903634,1.030400731630247,-0.5194029742807056,-1.810016250559321,-0.08339730787743495,-0.12621738181900619,19.1
-0.4017472624682984,-0.48642708374266413,-1.035453734954541,-1.0311172756362974,0.7179538806644008,-0.5194029742807056,-0.9097463877156786,0.44308169883491927,0.2493201703139692,23.1
-0.4071771138598478,-0.48642708374266413,-1.035453734954541,0.26108747681035427,0.5617304551814775,-0.5194029742807056,-0.9097463877156786,0.4279685020049565,-0.5483441791414109,23.6
-0.40801520958772414,-0.48642708374266413,-1.035453734954541,-0.5917064178730406,0.014948465991246569,-0.5194029742807056,-0.9097463877156786,0.403463532859231,-0.4636364606151756,22.6
-0.410059429400041,-0.48642708374266413,-1.035453734954541,0.46012375384597576,-1.2490410674614958,-0.5194029742807056,-0.9097463877156786,0.37895856371350484,-1.0721202386952973,29.4
-0.40964898032948044,-0.48642708374266413,-1.035453734954541,-0.34520764400584825,-0.7484159994366736,-0.5194029742807056,-0.9097463877156786,0.403463532859231,-0.3972820811029583,23.2
-0.41147995006603116,-0.48642708374266413,-1.035453734954541,0.10645160003652518,0.18182348866618736,-0.5194029742807056,-0.9097463877156786,0.42904801606423987,-0.9365878890533214,24.6
-0.41008465252728216,-0.48642708374266413,-1.035453734954541,0.9408729153012466,0.21732881263957898,-0.5194029742807056,-0.9097463877156786,0.38230505729728237,-0.8476447846007745,29.9
-0.4110729405128218,-0.48642708374266413,-1.2685470578388103,1.1245987094879744,-0.3507563709346874,-0.7495182160506384,-0.3411548953933793,0.44308169883491927,-1.1130623026496442,37.2
-0.41014656383960135,-0.48642708374266413,-1.2685470578388103,2.32647161312615,0.5333261960027642,-0.7495182160506384,-0.3411548953933793,0.4286162104405264,-0.7572898848394571,39.8
-0.4098026121044947,-0.48642708374266413,-1.2685470578388103,-0.15535765667956214,-0.21583613983579905,-0.7495182160506384,-0.3411548953933793,0.44308169883491927,-0.4904605714818169,36.2
-0.4072631017936244,-0.48642708374266413,-1.2685470578388103,1.3925321593436186,0.84932357936595,-0.7495182160506384,-0.3411548953933793,0.41307120798685015,-1.1441217994425972,37.9
-0.4062255140593862,-0.48642708374266413,-1.2685470578388103,0.4861515746890947,0.9700416808754813,-0.7495182160506384,-0.3411548953933793,0.44308169883491927,-1.022707402888327,32.5
-0.4081745738916569,-0.48642708374266413,-1.2685470578388103,-0.9821237305198367,0.7641108018298098,-0.7495182160506384,-0.3411548953933793,0.37939036933721826,0.14908270339125784,26.4
-0.41076682346857685,-0.48642708374266413,-1.2685470578388103,-0.1415782221155584,0.01849899838858553,-0.7495182160506384,-0.3411548953933793,0.3373972724311069,0.031903692763299366,29.6
-0.40867101089599406,1.4834016024879593,-1.1248794751805813,0.8214511490798732,-0.9649984756743626,-0.5194029742807056,-1.5731031287583626,0.4103724228386425,-0.8815278720112686,32.0
-0.40327784768952274,1.4834016024879593,-1.1248794751805813,0.4754342366948694,-1.3910623633550623,-0.5194029742807056,-1.5731031287583626,0.2913020220997193,-1.1808284774706326,29.8
-0.4081034905330682,1.4834016024879593,-1.1248794751805813,1.4384636078902997,-1.0431101884158243,-0.5194029742807056,-1.5731031287583626,0.44308169883491927,-1.063649466842674,34.9
-0.4073032294960535,1.4834016024879593,-1.1248794751805813,1.0801983092261807,-1.6609028255528386,-0.5194029742807056,-1.5731031287583626,0.2355990966407131,-1.1045915307970209,37.0
-0.4097762424714699,1.4834016024879593,-1.1248794751805813,0.7556160728296288,-1.3307033126002967,-0.5194029742807056,-1.5731031287583626,0.3654646379724664,-1.1624751384566145,30.5
-0.4077664178326637,1.4834016024879593,-1.1248794751805813,1.4277462698960743,-1.490477270480559,-0.5194029742807056,-1.5731031287583626,0.3738848476348747,-1.4194218846528608,36.4
-0.41519233579361503,2.1400111645648336,-1.1996452579925168,0.849010018207882,-2.0727645836441817,-0.9796334578205713,-1.3835726313175958,0.40497485254222715,-1.114474097958415,31.1
-0.41604992211981406,2.1400111645648336,-1.1996452579925168,0.5489245543695606,-1.7567672002809962,-0.9796334578205713,-1.3835726313175958,0.22501985885973877,-1.206240793028503,29.1
-0.41310110924416693,3.015490580667333,-1.406350657531397,1.5946305329490187,-1.213535743488104,-0.8645758369356049,-2.8050513621233453,0.44308169883491927,-1.2485946522916203,33.3
-0.41235014795585084,3.015490580667333,-1.406350657531397,1.3190418416689276,-1.124772433554625,-0.8645758369356049,-2.8050513621233453,-0.016683339013740993,-0.6090513774185459,30.3
-0.4133797101496033,3.015490580667333,-1.406350657531397,1.5747269052454567,-1.0644133827998594,-0.8645758369356049,-2.8050513621233453,0.392344538048615,-0.889998643863892,34.6
-0.41408825072392286,3.6721001427442075,-1.4136806362384493,1.1169434680635262,-1.881035834187867,-0.7495182160506384,-0.7202158902749127,0.44308169883491927,-1.1808284774706326,34.9
-0.41566125665914366,3.6721001427442075,-1.4136806362384493,1.36191119364583,-1.9307432877506152,-0.7495182160506384,-0.7202158902749127,0.30706292736525254,-1.1963582258671088,32.9
-0.4137500315177347,3.1249255076801457,-1.3315848747194616,-0.1277987875515533,-1.0608628504025202,-0.8645758369356049,-1.810016250559321,0.4092929087793592,-0.7756432238534747,24.1
-0.41520380085145187,3.1249255076801457,-1.3315848747194616,2.0891591289682947,-1.8668337045985102,-0.8645758369356049,-1.810016250559321,0.4266730851338168,-1.3855387972423672,42.3
-0.413675508641795,3.6721001427442075,-1.2362951515277791,2.461203862196417,-1.2454905350641565,-0.634460595165672,-1.810016250559321,0.39860571959245666,-1.286713125628426,48.5
-0.40205911204146166,-0.48642708374266413,-0.0766925200720748,-0.5427128727565799,-1.6324985663741256,-0.634460595165672,0.03790609948815419,0.44308169883491927,-0.28998563763639396,22.6
-0.3913656525969978,-0.48642708374266413,-0.0766925200720748,0.12329313117030738,-0.5602377823776981,-0.634460595165672,0.03790609948815419,0.4211675634314732,-0.27586768454868793,24.4
-0.3888089446993721,-0.48642708374266413,-0.0766925200720748,-0.7080660875246342,0.15696976188481312,-0.634460595165672,0.03790609948815419,0.3624419986064741,0.7250951893696559,22.5
-0.40212216985956456,-0.48642708374266413,-0.0766925200720748,-0.27784151947071406,-0.32590264415331316,-0.634460595165672,0.03790609948815419,0.27489340839861676,0.24508478438765752,24.4
-0.3677453404414446,-0.48642708374266413,-0.0766925200720748,-1.3801962845910796,1.1262651063584046,-0.634460595165672,0.03790609948815419,0.44308169883491927,1.4352282296812597,20.0
-0.39769780404031013,-0.48642708374266413,-0.0766925200720748,-0.4370705410992115,0.8457730469686106,-0.634460595165672,0.03790609948815419,0.4036794356710874,0.6135633599767799,21.7
-0.37461634960309054,-0.48642708374266413,-0.0766925200720748,-1.2883333874977165,0.7215044130617398,-0.634460595165672,0.03790609948815419,0.42516176545082063,1.5608780121618417,19.3
-0.39279878482660857,-0.48642708374266413,-0.0766925200720748,-0.6713209286872887,-0.514080861212289,-0.634460595165672,0.03790609948815419,0.3787426609016484,0.43850074168922765,22.4
-0.40158904467014933,-0.48642708374266413,-0.0766925200720748,0.1983144971298884,-1.2774453266402093,-0.634460595165672,0.03790609948815419,0.32336358966042683,-0.5003431386432108,28.1
-0.3845026689758376,-0.48642708374266413,-0.0766925200720748,-1.2760850012186014,-2.076315116041521,-0.634460595165672,0.03790609948815419,-0.07476119540317024,2.347247999147057,23.7
-0.3949966364139397,-0.48642708374266413,-0.0766925200720748,-0.09717782185376465,-0.9188415545089536,-0.634460595165672,0.03790609948815419,0.40778158909636303,-0.4876369808642755,25.0
-0.4124716775689219,-0.48642708374266413,0.4070860745933898,-0.5473060176112482,-0.4359691484708273,-0.5194029742807056,-1.0045116364360633,0.3988216224043137,0.0827283238790403,23.3
-0.4096592988815337,-0.48642708374266413,0.4070860745933898,0.607104389195358,0.5972357791548691,-0.5194029742807056,-1.0045116364360633,0.39860571959245666,-0.4565774840713228,28.7
-0.40500907142289255,-0.48642708374266413,0.4070860745933898,-0.4508499756632166,0.9061320977233764,-0.5194029742807056,-1.0045116364360633,0.44308169883491927,0.7053300550468681,21.5
-0.40460091536389936,-0.48642708374266413,0.4070860745933898,0.19525240056010998,0.8564246441606285,-0.5194029742807056,-1.0045116364360633,0.40896905456157456,-0.34222206406090544,23.0
-0.37664451833443574,-0.48642708374266413,-0.7202646505512836,1.0801983092261807,0.7179538806644008,-0.1742301116258063,-0.5306853928341468,0.38694696775219967,-0.4537538934537815,26.7
-0.37095555663577273,-0.48642708374266413,-0.7202646505512836,-0.12473669098177485,0.8173687877898973,-0.1742301116258063,-0.5306853928341468,0.42516176545082063,1.2051055943516547,21.7
-0.3462082292948535,-0.48642708374266413,-0.7202646505512836,0.969962832714144,0.33449638175177127,-0.1742301116258063,-0.5306853928341468,0.37280533357559137,-0.42269439666082875,27.5
-0.34722403341920166,-0.48642708374266413,-0.7202646505512836,0.5703592303580125,0.4445628860692852,-0.1742301116258063,-0.5306853928341468,0.44308169883491927,-0.7516427036043749,30.1
-0.38154697706548835,-0.48642708374266413,-0.7202646505512836,3.0935268038557386,0.3557995761358061,-0.1742301116258063,-0.5306853928341468,0.3151592828098756,-1.2401238804389967,44.8
-0.37388717192466453,-0.48642708374266413,-0.7202646505512836,2.7475098914707337,0.6469432327176176,-0.1742301116258063,-0.5306853928341468,0.340311960391171,-1.382715206624826,37.6
-0.3704201384347901,-0.48642708374266413,-0.7202646505512836,1.4047805456227338,0.412608094493233,-0.1742301116258063,-0.5306853928341468,0.17514630932086078,-0.9267053218919272,31.6
-0.38351208797873065,-0.48642708374266413,-0.7202646505512836,2.205518798619888,-1.820676783433101,-0.1742301116258063,-0.5306853928341468,0.23376392273993168,-1.2711833772319496,46.7
-0.36704941143074554,-0.48642708374266413,-0.7202646505512836,0.46931004355531114,-1.664453357950178,-0.1742301116258063,-0.5306853928341468,0.26431417061764245,-1.293772102172279,31.5
-0.35613238335846237,-0.48642708374266413,-0.7202646505512836,-0.4049185271165343,-0.006354728392788715,-0.1742301116258063,-0.5306853928341468,0.24283184083790985,-0.17986560355228823,24.3
-0.36462111218089305,-0.48642708374266413,-0.7202646505512836,1.7860115685601932,0.30609212257305807,-0.1742301116258063,-0.5306853928341468,0.21897458012775356,-1.083414601165462,31.7
-0.35174241271271856,-0.48642708374266413,-0.7202646505512836,3.2022312320828856,0.1782729562688479,-0.1742301116258063,-0.5306853928341468,0.32444310371971014,-1.4758936970036842,41.7
-0.3796965167306149,-0.48642708374266413,-0.7202646505512836,3.0644368864428397,0.07530751674601245,-0.1742301116258063,-0.5306853928341468,0.24930892519360792,-1.266947991305638,48.3
-0.3663466033853444,-0.48642708374266413,-0.7202646505512836,0.7357124451260668,-0.06316324675021513,-0.1742301116258063,-0.5306853928341468,0.04690003907803183,-0.6881119147096985,29.0
-0.37981346032055113,-0.48642708374266413,-0.7202646505512836,-0.2441584572031469,-0.24068986661717331,-0.1742301116258063,-0.5306853928341468,0.22555961588938045,-0.2885738423276231,24.0
-0.3580149458552791,-0.48642708374266413,-0.7202646505512836,0.5902628580615744,0.2918899929837012,-0.1742301116258063,-0.5306853928341468,0.3518627608254998,-0.47775441370288163,25.1
-0.35901813841600666,-0.48642708374266413,-0.7202646505512836,1.7033349611761655,0.11791390551408201,-0.1742301116258063,-0.5306853928341468,0.3693508885858856,-1.1568279572215323,31.5
-0.40824795026181293,0.8267920404110849,-0.9064461097104171,0.3606056153281643,-1.7674187974730136,-0.4043453533957391,-0.9097463877156786,0.25427468986631047,-0.9267053218919272,23.7
-0.4070922724318548,0.8267920404110849,-0.9064461097104171,0.551986650939339,-0.9259426193036318,-0.4043453533957391,-0.9097463877156786,0.30144945425698016,-0.7841139957060982,23.3
-0.4047109799191335,0.8267920404110849,-0.9064461097104171,0.9975217018421542,-0.4963281992255932,-0.4043453533957391,-0.9097463877156786,0.38208915448542596,-0.21798407688909394,22.0
-0.40553302456603824,0.8267920404110849,-0.9064461097104171,-0.2303790226391432,-0.11287070031296362,-0.4043453533957391,-0.9097463877156786,0.41846877828326556,-0.07398095539449444,20.1
-0.405902199428386,0.8267920404110849,-0.9064461097104171,0.17228667628676814,-0.5460356527883414,-0.4043453533957391,-0.9097463877156786,0.18237905351805755,-0.2405728018294233,22.2
-0.4030737696600261,0.8267920404110849,-0.9064461097104171,0.22587336625789725,-2.147325763988304,-0.4043453533957391,-0.9097463877156786,0.20353752908000555,-1.0918853730180855,23.7
-0.39407255275228664,0.47660027397008514,-0.7701085057592405,-0.9989652616536203,0.2918899929837012,-0.2892877325107727,0.2748192212891124,0.17957231696392165,-0.05986300230678864,17.6
-0.3957636487832274,0.47660027397008514,-0.7701085057592405,-0.9805926822349468,0.06820645195133403,-0.2892877325107727,0.2748192212891124,0.3592034564286248,0.7815670017204795,18.5
-0.37873803789545113,0.47660027397008514,-0.7701085057592405,-0.21047539493558118,-1.185131484309391,-0.2892877325107727,0.2748192212891124,0.37053835405109714,-0.5314026354361637,24.3
-0.3951628797525746,0.47660027397008514,-0.7701085057592405,-0.0298116973186318,0.3877543677118587,-0.2892877325107727,0.2748192212891124,0.21897458012775356,-0.3916348998678758,20.5
-0.39885233536448456,0.47660027397008514,-0.7701085057592405,0.2871152976534732,-0.6809558838872295,-0.2892877325107727,0.2748192212891124,0.20353752908000555,-0.48057800432042275,24.5
-0.39583243913024874,0.47660027397008514,-0.7701085057592405,0.7234640588469516,-1.8029241214464053,-0.2892877325107727,0.2748192212891124,0.40896905456157456,-0.8984694157165156,26.2
-0.4016142677973905,0.47660027397008514,-0.7701085057592405,0.3697919050375011,-1.9626980793266677,-0.2892877325107727,0.2748192212891124,0.4363887116673642,-0.991647906095374,24.4
-0.39315420161955206,0.47660027397008514,-0.7701085057592405,0.29477053907792,-2.1082699076175735,-0.2892877325107727,0.2748192212891124,0.2290140608790862,-1.317772622421379,24.8
-0.4082743198948378,0.47660027397008514,-0.7701085057592405,1.0893845989355173,-2.182831087961696,-0.2892877325107727,0.2748192212891124,0.3263862290264191,-1.3262433942740026,29.6
-0.3754005595591336,0.47660027397008514,-0.7701085057592405,3.0828094658615135,-2.1260225696042694,-0.2892877325107727,0.2748192212891124,0.44308169883491927,-1.324831598965232,42.8
-0.4121747325709465,3.015490580667333,-1.0955595603523711,-0.21047539493558118,-1.2880969238322266,-0.9796334578205713,-1.0045116364360633,0.3997931850576682,-0.897057620407745,21.9
-0.41363194142201476,3.015490580667333,-1.0955595603523711,-0.5656785970299203,-1.7461156030889786,-0.9796334578205713,-1.0045116364360633,0.42451405701525075,-0.5186964776572285,20.9
-0.4159364180472289,3.453230288718583,-1.0794336071968558,1.8503155965255476,-1.209985211090765,-0.7495182160506384,-1.2414247582370206,0.3290850141746268,-1.3855387972423672,44.0
-0.3416279386890174,0.3890523323598352,-1.0471817008858246,1.6650587540539312,1.1262651063584046,-0.5194029742807056,-2.6155208646825785,0.2961598353664936,-0.7248185927377337,36.0
-0.3424144416566278,0.3890523323598352,-1.0471817008858246,0.9133140461732364,1.1262651063584046,-0.5194029742807056,-2.6155208646825785,0.3894298500885509,-0.8504683752183156,30.1
-0.3557758200597352,0.3890523323598352,-1.0471817008858246,1.4660224770183097,0.4800682100426768,-0.5194029742807056,-2.6155208646825785,0.3988216224043137,-0.4706954371590286,33.8
-0.3564625770241647,0.3890523323598352,-1.0471817008858246,1.9513647833282477,0.7499086722404535,-0.5194029742807056,-2.6155208646825785,0.3509991495780735,-0.7996437441025747,43.1
-0.3580653921097614,0.3890523323598352,-1.0471817008858246,3.2956251774611385,0.8244698525845757,-0.5194029742807056,-2.6155208646825785,0.3346984872828992,-0.9902361107866035,48.8
-0.32308320763785375,0.3890523323598352,-1.0471817008858246,1.6558724643445946,0.9309858245047506,-0.5194029742807056,-2.6155208646825785,0.4055146095718688,-0.23633741590311164,31.0
-0.35463390029918135,0.3890523323598352,-1.0471817008858246,1.4706156218729782,0.8280203849819148,-0.5194029742807056,-2.6155208646825785,0.34581748209351454,-0.6810529381658457,36.5
-0.33037957044524824,0.3890523323598352,-1.0471817008858246,-1.049489855054971,-0.19453294545176428,-0.5194029742807056,-2.6155208646825785,0.394503566167181,-0.34928104060475845,22.8
-0.32761878451812604,0.3890523323598352,-1.0471817008858246,1.1766543511742136,0.5794831171681732,-0.5194029742807056,-2.6155208646825785,0.3045800450289013,0.263438123401675,30.7
-0.3557311063341714,0.3890523323598352,-1.0471817008858246,1.8748123690837781,-0.5566872499803588,-0.5194029742807056,-2.6155208646825785,0.3718337709222369,-1.378479820698514,43.5
-0.40730666901340457,0.3890523323598352,-0.6088489742040858,-0.49831247249478744,-0.24068986661717331,-0.7495182160506384,0.03790609948815419,0.3830607171387804,0.10249345820182856,20.7
-0.38340087691771285,0.3890523323598352,-0.6088489742040858,-0.5962995627277089,-0.929493151700971,-0.7495182160506384,0.03790609948815419,0.35402178894406583,0.010726763131740556,21.1
-0.3991137386831656,0.3890523323598352,-0.6088489742040858,-0.00837702133017988,-1.8455305102144752,-0.7495182160506384,0.03790609948815419,0.44308169883491927,-0.8942340297902038,25.2
-0.4045607876614703,0.3890523323598352,-0.6088489742040858,0.4478753675668606,-0.3401047737426698,-0.7495182160506384,0.03790609948815419,0.42213912608482773,-0.7332893645903571,24.4
-0.3922610736140586,0.3890523323598352,-0.6088489742040858,2.213174040044335,-0.5850915091590723,-0.7495182160506384,0.03790609948815419,0.376907487000867,-0.8956458250989744,35.2
-0.4112288652994034,1.2645317484623346,-0.6894787399816632,0.7847059902425276,-1.256142132256174,-0.634460595165672,-0.43592014411376223,0.44308169883491927,-1.3262433942740026,32.4
-0.4066887023959964,1.2645317484623346,-0.6894787399816632,0.9316866255919098,-0.904639424919597,-0.634460595165672,-0.43592014411376223,0.44308169883491927,-1.4038921362563845,32.0
-0.4056969748931057,1.2645317484623346,-0.6894787399816632,1.5640095672512313,-0.6845064162845688,-0.634460595165672,-0.43592014411376223,0.3604988732997645,-0.9704709764638153,33.2
-0.4106751030058818,1.2645317484623346,-0.6894787399816632,0.888817273615006,-1.4443203493151497,-0.634460595165672,-0.43592014411376223,0.40583846378965344,-1.2373002898214556,33.1
-0.4085529208002741,1.2645317484623346,-0.6894787399816632,0.36213666361305424,-1.2845463914348874,-0.634460595165672,-0.43592014411376223,0.44308169883491927,-0.8095263112639687,29.1
-0.3935795552653006,0.3890523323598352,-1.1410054283360966,0.8673825976265555,-1.280995859037548,-0.5194029742807056,-1.715251001838937,0.44308169883491927,-1.1398864135162854,35.1
-0.41359754624850414,0.3890523323598352,-1.1410054283360966,2.410679268795068,-0.1341738946969984,-0.5194029742807056,-1.715251001838937,0.3395563005496729,-1.293772102172279,45.4
-0.41345194001397567,0.3890523323598352,-1.1410054283360966,1.106226130069301,-1.10346923917059,-0.5194029742807056,-1.715251001838937,0.39266839226640027,-1.1765930915443206,35.4
-0.4106728099943144,0.3890523323598352,-1.1410054283360966,2.142745818939422,-0.6596526895031946,-0.5194029742807056,-1.715251001838937,0.2290140608790862,-1.399656750330073,46.0
-0.4166610097025202,3.453230288718583,-1.1937812750268746,1.2899519242560287,-1.685756552334213,-0.9796334578205713,-1.5257205043981703,0.41954829234254887,-0.7163478208851103,32.2
-0.4164431736036193,1.9211413105392088,-1.2993329684084305,0.31773626335126187,-1.2916474562295657,-0.9796334578205713,-1.5257205043981703,0.41954829234254887,-0.662699599151828,22.0
-0.4154468600775939,3.015490580667333,-1.371166759737545,-0.023687504179073525,-1.3058495858189223,-0.9796334578205713,-0.1516243979526134,-0.15388957594861927,0.0008441959703464285,20.1
-0.41326162005388334,1.8117063835263965,-0.8492722757954075,-0.05583951816175209,-1.3129506506136008,-0.4043453533957391,-0.9097463877156786,0.44308169883491927,-0.8165852878078217,23.2
-0.4124372823954112,1.8117063835263965,-0.8492722757954075,0.10645160003652518,-0.8052245177941003,-0.4043453533957391,-0.9097463877156786,0.44308169883491927,-0.7516427036043749,22.3
-0.41277320859003197,1.8117063835263965,-0.8492722757954075,0.4892136712588745,-1.6111953719900904,-0.4043453533957391,-0.9097463877156786,0.17126005870744218,-0.4819897996291933,24.8
-0.41368468068806447,3.015490580667333,-0.903514118227596,0.9424039635861351,-1.4336687521231324,-0.634460595165672,0.32220184564930304,0.44308169883491927,-1.3544793004494142,28.5
-0.40865839933237347,3.015490580667333,-0.903514118227596,1.381814821349392,-1.4407698169178105,-0.634460595165672,0.32220184564930304,0.44308169883491927,-1.3220080083476906,37.3
-0.41355512553450763,3.015490580667333,-0.903514118227596,0.5887318097766846,-1.5934427100033948,-0.634460595165672,0.32220184564930304,0.44308169883491927,-1.1610633431478443,27.9
-0.40822387364035545,-0.48642708374266413,0.4114840618176212,-0.18138547752268244,-1.7709693298703528,-0.634460595165672,-1.1940421338768292,0.44308169883491927,-0.6132867633448575,23.9
-0.40829954302207894,-0.48642708374266413,0.4114840618176212,-0.3620491751396305,-0.9223920869062928,-0.634460595165672,-1.1940421338768292,0.44308169883491927,-0.35634001714861124,21.7
-0.40287313114788065,-0.48642708374266413,0.4114840618176212,0.6622221274513757,-1.320051715408279,-0.634460595165672,-1.1940421338768292,0.44308169883491927,-0.9394114796708626,28.6
-0.41154071487256666,-0.48642708374266413,0.4114840618176212,0.46471689870064414,-0.6134957683377855,-0.634460595165672,-1.1940421338768292,0.39936137943395533,-0.7812904050885571,27.1
-0.40153057287518124,-0.48642708374266413,0.4114840618176212,-0.6973487495304089,-0.36495850052404405,-0.634460595165672,-1.1940421338768292,0.44308169883491927,0.4116766308225864,20.3
-0.4102864375452113,2.5777508726160834,-1.300798964149841,0.15238304858320612,-1.710610279115587,-0.5194029742807056,-1.7626336261991284,0.13369296944439107,-1.1229448698110385,22.5
-0.41132402527944956,2.5777508726160834,-1.300798964149841,1.2179926548662277,-2.0692140512468424,-0.5194029742807056,-1.7626336261991284,0.16974873902444543,-1.1554161619127619,29.0
-0.41263562789598934,2.5777508726160834,-1.300798964149841,0.9577144464350301,-0.7413149346419954,-0.5194029742807056,-1.7626336261991284,0.3778790496542221,-0.9676473858462741,24.8
-0.41364455298563535,1.0018879236315847,-0.7363906037067992,0.5274898783811086,-0.9898522024557369,-0.2892877325107727,-1.1466595095166368,0.4306672871531642,-0.48340159493796386,22.0
-0.40707622135088317,1.0018879236315847,-0.7363906037067992,0.38204029131661627,-1.7709693298703528,-0.2892877325107727,-1.1466595095166368,0.29961428035619936,-0.6005806055659223,26.4
-0.40623468610565566,1.0018879236315847,-0.7363906037067992,1.1276608060577529,-1.7958230566517268,-0.2892877325107727,-1.1466595095166368,0.37323713919930485,-1.138474618207515,33.1
-0.41137676454549926,0.9581139528264597,-1.3095949385983041,1.516547070419659,-0.9649984756743626,-0.2892877325107727,-0.05685914923223044,0.4083213461260047,-0.846232989292004,36.1
-0.411418038753712,0.9581139528264597,-1.3095949385983041,0.5672971337882327,-0.36140796812670484,-0.2892877325107727,-0.05685914923223044,0.4048669011362989,-0.5638739275378871,28.4
-0.40909751104752623,0.9581139528264597,-1.3095949385983041,1.7982599548393083,0.1285655027060999,-0.2892877325107727,-0.05685914923223044,0.44308169883491927,-0.9111755734954509,33.4
-0.4120451774173897,0.9581139528264597,-1.3095949385983041,0.924031384167463,0.07175698434867299,-0.2892877325107727,-0.05685914923223044,0.44308169883491927,-0.7615252707657688,28.2
-0.3611793018182597,-0.48642708374266413,-0.17784622622939913,0.5963870512011313,0.5049219368240511,-0.634460595165672,-0.05685914923223044,0.44308169883491927,-1.1836520680881737,22.8
-0.3776408318604611,-0.48642708374266413,-0.17784622622939913,-0.418697961680538,0.29899105777837964,-0.634460595165672,-0.05685914923223044,0.43595690604365134,-0.4170472154257463,20.3
-0.11554043766296969,-0.48642708374266413,-0.17784622622939913,-1.9482151982850466,-1.082166044786555,-0.634460595165672,-0.05685914923223044,-0.05835258170206774,-0.04009786798400039,16.1
-0.32707878029400866,-0.48642708374266413,-0.17784622622939913,-0.18904071894712926,-0.5495861851856806,-0.634460595165672,-0.05685914923223044,0.44308169883491927,-0.9803535436252093,22.1
-0.3876968340891942,-0.48642708374266413,-0.17784622622939913,-0.34061449915117986,0.7854139962138451,-0.634460595165672,-0.05685914923223044,0.4366046144792212,-0.1699830363908941,19.4
-0.38681517114153763,-0.48642708374266413,-0.17784622622939913,0.03143023407694415,0.5155735340160684,-0.634460595165672,-0.05685914923223044,0.40519075535408355,-0.7092888443412573,21.6
-0.3753707504087576,-0.48642708374266413,-0.17784622622939913,0.49227576782865295,0.6753474918963308,-0.634460595165672,-0.05685914923223044,0.43001957871759433,-0.5144610917309168,23.8
-0.388628943291333,-0.48642708374266413,-0.17784622622939913,-0.8274878537460076,0.33449638175177127,-0.634460595165672,-0.05685914923223044,0.437900031350361,-0.20104253318384704,16.2
-0.38120990436508384,-0.48642708374266413,-0.17784622622939913,-0.5074987622041242,0.5297756636054253,-0.634460595165672,-0.05685914923223044,0.3761518271593689,0.7632136627064616,17.8
-0.3895851291149294,-0.48642708374266413,-0.17784622622939913,-0.7095971358095241,0.12146443791142147,-0.634460595165672,-0.05685914923223044,0.44308169883491927,0.4257945839102922,19.8
-0.37160791842669155,-0.48642708374266413,-0.17784622622939913,0.2090318351241137,-0.03830951996884088,-0.634460595165672,-0.05685914923223044,0.4248379112330354,-0.3619871983836937,23.1
-0.3631868334454985,-0.48642708374266413,-0.17784622622939913,-0.202820153511133,-0.33655424134533085,-0.634460595165672,-0.05685914923223044,0.43584895463772316,-0.027391710205065152,21.0
-0.3984843070079205,-0.48642708374266413,-0.5472771530648448,0.2763979596592479,-0.5673388471723765,-0.5194029742807056,0.5117323430900707,0.44308169883491927,-0.8081145159551981,23.8
-0.39688034541654016,-0.48642708374266413,-0.5472771530648448,0.19984554541477834,-0.4963281992255932,-0.5194029742807056,0.5117323430900707,0.44308169883491927,-0.8547037611446274,23.1
-0.37744133985409933,-0.48642708374266413,-0.5472771530648448,-0.3130556300231697,-0.6525516247085164,-0.5194029742807056,0.5117323430900707,0.44308169883491927,-0.7375247505166689,20.4
-0.3851481517320543,-0.48642708374266413,-0.5472771530648448,-0.8228947088913393,0.21377828024223952,-0.5194029742807056,0.5117323430900707,0.3807937376142862,-0.167159445773353,18.5
-0.3785935781667064,-0.48642708374266413,-0.5472771530648448,0.25955642852546434,-1.0005037996477542,-0.5194029742807056,0.5117323430900707,0.44308169883491927,-0.9605884093024212,25.0
-0.3957028839766919,-0.48642708374266413,-0.5472771530648448,0.28405320108369475,-1.9023390285719017,-0.5194029742807056,0.5117323430900707,0.4083213461260047,-1.107415121414562,24.6
-0.38290673292494304,-0.48642708374266413,-0.5472771530648448,0.10185845518185682,-1.3981634281497406,-0.5194029742807056,0.5117323430900707,0.44308169883491927,-0.9563530233761094,23.0
-0.3900655150382949,-0.48642708374266413,-0.5472771530648448,-0.2487516020578153,-0.8726846333435443,-0.5194029742807056,0.5117323430900707,0.44308169883491927,-0.018920938352441827,22.2
-0.4101133151718743,-0.48642708374266413,-1.1541993900087912,-0.5779269833090355,-1.5082299324672548,-0.634460595165672,-0.7675985146351051,0.28698396586258723,-0.4170472154257463,19.3
-0.4099906390530197,-0.48642708374266413,-1.1541993900087912,0.13401046916453402,-1.8135757186384227,-0.634460595165672,-0.7675985146351051,0.2089350993764209,-0.78834938163241,22.6
-0.41249002166146087,-0.48642708374266413,-1.1541993900087912,-0.15535765667956214,-1.280995859037548,-0.634460595165672,-0.7675985146351051,0.13725536584002504,-0.5412852025975579,19.8
-0.41194084539107406,1.0456618944367098,-0.7407885909310307,-0.8259568054611177,-1.4159160901364365,-0.9796334578205713,-0.7675985146351051,0.41199169392756685,-0.06974556946818278,17.1
-0.4137259548962772,1.0456618944367098,-0.7407885909310307,-0.3283661128720647,-1.5969932424007338,-0.9796334578205713,-0.7675985146351051,0.06903007729333493,-0.7191714115026514,19.4
-0.4118720550440527,-0.48642708374266413,-0.868330220433744,0.10798264832141373,-1.0715144475945375,-0.5194029742807056,0.7960280892512195,0.3654646379724664,-1.022707402888327,22.2
-0.4134141053231139,-0.48642708374266413,-0.868330220433744,0.098796358612077,-1.0573123180051809,-0.5194029742807056,0.7960280892512195,0.36211814438868883,-0.8716453048498745,20.7
-0.4131584345333513,-0.48642708374266413,-0.868330220433744,-0.31917982316272797,-1.1993336138987474,-0.5194029742807056,0.7960280892512195,0.44308169883491927,-0.6937590959447809,21.1
-0.41377066862184114,-0.48642708374266413,-0.868330220433744,-0.5763959350241469,-0.7803707910127262,-0.5194029742807056,0.7960280892512195,0.44308169883491927,-0.44104773567484623,19.5
-0.41421321985434495,-0.48642708374266413,-0.868330220433744,-0.536588679617023,-0.3081499821666174,-0.5194029742807056,0.7960280892512195,0.42051985499590333,-0.33375129220828187,18.5
-0.4139093958216674,-0.48642708374266413,-0.868330220433744,-0.28549676089516085,-1.099918706773251,-0.5194029742807056,0.7960280892512195,0.43487739198436803,-0.6231693305062517,20.6
-0.41139740164960564,-0.48642708374266413,-0.868330220433744,-0.398794333976976,-0.8123255825887787,-0.5194029742807056,0.7960280892512195,0.44308169883491927,-0.4495185075274698,19.0
-0.41064758686707326,-0.48642708374266413,-0.868330220433744,-0.4248221548200963,-0.3472058385373482,-0.5194029742807056,0.7960280892512195,0.44308169883491927,-0.5130492964221463,18.7
-0.4162081399179631,1.0456618944367098,-1.406350657531397,1.524202311844106,-0.6738548190925514,-0.9796334578205713,-1.4309552556777874,0.4197641951544053,-1.049531513754968,32.7
-0.41483577249488784,-0.48642708374266413,-1.3521088150992084,0.45093746413663904,-0.30459944976927816,-0.9796334578205713,-1.2414247582370206,0.36816342312067407,-0.6034041961834634,16.5
-0.41478417973462184,1.9211413105392088,-1.0750356199726243,0.6897809965793845,-0.4217670188814707,-0.5194029742807056,-0.43592014411376223,0.44308169883491927,-0.8109381065727393,23.9
-0.4142040478080754,1.9211413105392088,-1.0750356199726243,0.9623075912896971,-1.4265676873284538,-0.5194029742807056,-0.43592014411376223,0.34668109334094144,-1.1737695009267795,31.2
-0.4141306714379193,-0.48642708374266413,-0.985609879746584,-0.35439393371518363,-0.7022590782712645,-0.7495182160506384,0.13267134820853713,0.3215284157596454,-0.33798667813459377,17.5
-0.41063497530345267,-0.48642708374266413,-0.985609879746584,-0.5319955347623545,-0.5673388471723765,-0.7495182160506384,0.13267134820853713,0.0945066090924156,-0.03586248205768872,17.2
-0.4155557781270443,3.2343604346929578,-1.0207937775404359,0.41419230529929346,-1.4407698169178105,-0.634460595165672,-0.29377227103318865,0.39482742038496627,-0.9267053218919272,23.1
-0.4159788387612254,3.015490580667333,-1.3345168662022826,0.5963870512011313,-1.3697591689710271,-0.634460595165672,-0.7202158902749127,0.3787426609016484,-0.9789417483164388,24.5
-0.4143760236756287,1.2645317484623346,-1.4459325425494804,1.0618257298075087,-1.1993336138987474,-0.9796334578205713,0.5591149674502612,0.3669759576554632,-0.9930597014041447,26.6
-0.4105787965200519,1.2645317484623346,-1.4459325425494804,0.3743850498921694,-0.8478309065621703,-0.9796334578205713,0.5591149674502612,0.44308169883491927,-0.9803535436252093,22.9
-0.40858502296221744,2.1400111645648336,-1.3814287299274186,0.5106483472473251,-1.1496261603359992,-0.634460595165672,-0.10424177359242107,0.16111262655018072,-1.049531513754968,24.1
-0.4093944560455016,2.1400111645648336,-1.3814287299274186,-0.5534302107508051,-1.7674187974730136,-0.634460595165672,-0.10424177359242107,0.39374790632568296,-0.7248185927377337,18.6
-0.4157403655582182,3.453230288718583,-1.3330508704608721,0.7387745416958453,-1.1425250955413209,-0.5194029742807056,-0.7202158902749127,0.3087901498601051,-1.189299249323256,30.1
-0.4127686225668972,3.015490580667333,-1.3491768236163875,-0.891791881711362,-1.6467006959634822,-0.634460595165672,1.6489153277346693,0.29087021647600647,-0.6881119147096985,18.2
-0.4054791387942049,3.015490580667333,-1.3491768236163875,-0.47381569993655703,-1.731913473499622,-0.634460595165672,1.6489153277346693,0.21789506606847084,-1.0382371512848032,20.6
0.6122018155218241,-0.48642708374266413,1.0242702817272098,-0.05124637330708372,1.0339512640275865,1.6666918225336564,0.7960280892512195,0.23613885367035475,0.6601526051662094,17.8
0.02367058760407177,-0.48642708374266413,1.0242702817272098,0.2289354628276757,0.8067171905978799,1.6666918225336564,0.7960280892512195,0.3830607171387804,0.048845236468546264,21.7
0.17868619509926104,-0.48642708374266413,1.0242702817272098,-0.18138547752268244,0.5368767284001037,1.6666918225336564,0.7960280892512195,0.42721284216345845,-0.20386612380138816,22.7
0.07086191216647968,-0.48642708374266413,1.0242702817272098,-0.2043512017960229,0.46231554805598096,1.6666918225336564,0.7960280892512195,0.3765836327830824,-0.03586248205768872,22.6
0.1030340109625665,-0.48642708374266413,1.0242702817272098,0.23352860768234407,0.700201218677705,1.6666918225336564,0.7960280892512195,0.20191825799108118,-0.7248185927377337,25.0
0.0221961811662482,-0.48642708374266413,1.0242702817272098,0.008464509803603675,0.8102677229952189,1.6666918225336564,0.7960280892512195,-0.05619355358350171,0.17873040487543998,19.9
0.004010306425379073,-0.48642708374266413,1.0242702817272098,-1.352637415463071,0.9913448752595165,1.6666918225336564,0.7960280892512195,0.26917198388441677,-0.38598771863279363,20.8
0.0663997116563635,-0.48642708374266413,1.0242702817272098,-0.6774451218268469,0.7357065426510967,1.6666918225336564,0.7960280892512195,-0.030393167566635813,0.2422611937701164,16.8
-0.019371532527166977,-0.48642708374266413,1.0242702817272098,3.8804856222888877,0.5191240664134079,1.6666918225336564,0.7960280892512195,-0.01409250527146152,-1.0777674199303797,21.9
0.10463338653081208,-0.48642708374266413,1.0242702817272098,-4.110055376548876,0.6966506862803661,1.6666918225336564,0.7960280892512195,-0.012473234182537155,-0.8194088784253628,27.5
0.006157711758227902,-0.48642708374266413,1.0242702817272098,-1.9635256811339403,0.8209193201872368,1.6666918225336564,0.7960280892512195,-0.42992132090730145,0.15190629400879896,21.9
1.132628306876904,-0.48642708374266413,1.0242702817272098,-3.6476787945122773,1.1262651063584046,1.6666918225336564,0.7960280892512195,-2.4228122257497815,0.057316008321169835,23.1
0.8558503456366306,-0.48642708374266413,1.0242702817272098,-2.050795433372637,1.1262651063584046,1.6666918225336564,0.7960280892512195,0.44308169883491927,3.0842051503253023,13.8
1.703129584840369,-0.48642708374266413,1.0242702817272098,-3.226640516167693,1.1262651063584046,1.6666918225336564,0.7960280892512195,0.44308169883491927,3.5359796491318884,13.8
1.8304949123503396,-0.48642708374266413,1.0242702817272098,1.6344377883561425,1.0517039260142824,1.6666918225336564,0.7960280892512195,0.44308169883491927,0.07284575671764618,15.0
1.3350782981606433,-0.48642708374266413,1.0242702817272098,0.6178217271895833,0.8883794357366807,1.6666918225336564,0.7960280892512195,0.0773423355498144,1.4564051593128184,13.9
0.7085690661582048,-0.48642708374266413,1.0242702817272098,0.8398237284985453,1.0836587175903345,1.6666918225336564,0.7960280892512195,0.44308169883491927,1.1740460975587015,13.3
2.293580063440016,-0.48642708374266413,1.0242702817272098,0.20596973855433526,0.9913448752595165,1.6666918225336564,0.7960280892512195,0.44308169883491927,1.519935948207495,13.1
1.6307277446004318,-0.48642708374266413,1.0242702817272098,-0.034404842173300164,1.1262651063584046,1.6666918225336564,0.7960280892512195,0.40896905456157456,1.2502830442323134,10.2
9.783473047121133,-0.48642708374266413,1.0242702817272098,1.106226130069301,0.8386719821739326,1.6666918225336564,0.7960280892512195,0.44308169883491927,0.6050925881241566,10.4
1.4023093973161447,-0.48642708374266413,1.0242702817272098,0.45859270556108583,1.094310314782352,1.6666918225336564,0.7960280892512195,0.44308169883491927,1.151457372618372,10.9
0.6355974125437744,-0.48642708374266413,1.0242702817272098,-1.0862350138923165,1.1262651063584046,1.6666918225336564,0.7960280892512195,0.44308169883491927,1.5072297904285599,11.3
0.4986427106590321,-0.48642708374266413,1.0242702817272098,-1.1107317864505468,1.1262651063584046,1.6666918225336564,0.7960280892512195,0.44308169883491927,1.6427621400705354,12.3
1.8850456575382446,-0.48642708374266413,1.0242702817272098,-2.874499410643131,0.8138182553925584,1.6666918225336564,0.7960280892512195,-0.7559345668107892,2.49972189249428,8.8
1.5097828494791177,-0.48642708374266413,1.0242702817272098,-1.4827765196786695,1.0588049908089603,1.6666918225336564,0.7960280892512195,0.44308169883491927,2.5251342080521506,7.2
2.3790635346718405,-0.48642708374266413,1.0242702817272098,-2.439681697734543,1.1262651063584046,1.6666918225336564,0.7960280892512195,0.44308169883491927,2.167949994933193,10.5
2.1730708405165036,-0.48642708374266413,1.0242702817272098,-1.9068768945930328,0.7534592046377925,1.6666918225336564,0.7960280892512195,0.44308169883491927,2.6917260544870794,7.4
1.2256672512232367,-0.48642708374266413,1.0242702817272098,-2.0906026887797604,1.1262651063584046,1.6666918225336564,0.7960280892512195,0.18421422741883894,2.49831009718551,10.2
0.5169019617700573,-0.48642708374266413,1.0242702817272098,-1.3097680634861684,1.087209249987674,1.6666918225336564,0.7960280892512195,0.44308169883491927,1.1189860805166492,11.5
0.38051478024824104,-0.48642708374266413,1.0242702817272098,-0.8152394674668925,1.0197491344382297,1.6666918225336564,0.7960280892512195,0.41641770157062774,0.5909746350364505,15.1
0.1891514998927709,-0.48642708374266413,1.0242702817272098,-0.297745147174276,0.5049219368240511,1.6666918225336564,0.7960280892512195,0.24315569505569448,0.8239208609835972,23.2
0.9097131873543227,-0.48642708374266413,1.0242702817272098,-1.851759156337015,1.0197491344382297,1.6666918225336564,0.7960280892512195,0.44308169883491927,1.800883214652841,9.7
0.5734269899174744,-0.48642708374266413,1.0242702817272098,-0.08033629071998247,0.8635257089553063,1.6666918225336564,0.7960280892512195,0.44308169883491927,0.31708634513495726,13.8
1.1140090529498006,-0.48642708374266413,1.0242702817272098,-0.5488370658961381,0.9380868892994291,1.6666918225336564,0.7960280892512195,0.44308169883491927,0.4836781915698864,12.7
0.5816806850542489,-0.48642708374266413,1.0242702817272098,0.3452951324792707,1.0836587175903345,1.6666918225336564,0.7960280892512195,0.38996960711819256,0.5923864303452213,13.1
0.2555341847683429,-0.48642708374266413,1.0242702817272098,0.2442459456765707,0.9842438104648381,1.6666918225336564,0.7960280892512195,0.44308169883491927,0.9100403748186027,12.5
0.4619017863149461,-0.48642708374266413,1.0242702817272098,-0.7631838257806532,1.087209249987674,1.6666918225336564,0.7960280892512195,0.40206016458216304,0.9876891168009849,8.5
3.979356307544437,-0.48642708374266413,1.0242702817272098,-1.2133120215381354,1.1262651063584046,1.6666918225336564,0.7960280892512195,0.44308169883491927,2.4940747112591977,5.0
0.7192384489812115,-0.48642708374266413,1.0242702817272098,-0.6024237558672658,0.33804691414911026,1.6666918225336564,0.7960280892512195,-0.19102485958795695,2.4065434021154215,6.3
2.45385010694185,-0.48642708374266413,1.0242702817272098,-0.39573223740719754,1.1262651063584046,1.6666918225336564,0.7960280892512195,0.44308169883491927,1.9547689033088347,5.6
1.2144888198322725,-0.48642708374266413,1.0242702817272098,0.14932095201342765,1.1262651063584046,1.6666918225336564,0.7960280892512195,0.44308169883491927,1.0441609291518081,7.2
0.6824539574173452,-0.48642708374266413,1.0242702817272098,0.2427148973916808,1.1262651063584046,1.6666918225336564,0.7960280892512195,0.21865072590996892,1.0427491338430372,12.1
2.4258295055884997,-0.48642708374266413,1.0242702817272098,-1.372541043166633,0.9842438104648381,1.6666918225336564,0.7960280892512195,0.44308169883491927,0.9665121871694259,8.3
4.343647055253665,-0.48642708374266413,1.0242702817272098,-1.0938902553167633,0.6078873763468869,1.6666918225336564,0.7960280892512195,-0.28494258274558476,2.04088841714384,8.5
7.369459259333361,-0.48642708374266413,1.0242702817272098,-0.8611709160135748,1.1262651063584046,1.6666918225336564,0.7960280892512195,0.3142956715624493,1.4196984812847835,5.0
1.9574245676625082,-0.48642708374266413,1.0242702817272098,-3.226640516167693,1.1262651063584046,1.6666918225336564,0.7960280892512195,0.15506734781819612,1.4705231124005245,11.9
0.9525007832015826,-0.48642708374266413,1.0242702817272098,-0.9759995373802798,1.1262651063584046,1.6666918225336564,0.7960280892512195,-0.25655136298644,-0.11209942873130015,27.9
0.4311605267369027,-0.48642708374266413,1.0242702817272098,-0.9622201028162747,1.0517039260142824,1.6666918225336564,0.7960280892512195,-0.444926566331336,1.9025324768843228,17.2
1.23765970172062,-0.48642708374266413,1.0242702817272098,0.9286245290221314,1.1262651063584046,1.6666918225336564,0.7960280892512195,-1.9052931857294761,0.9679239824781967,27.5
5.445049301411989,-0.48642708374266413,1.0242702817272098,-0.7478733429317596,1.1262651063584046,1.6666918225336564,0.7960280892512195,-3.813442236918235,-0.3972820811029583,15.0
1.1932211375448485,-0.48642708374266413,1.0242702817272098,0.6300701134686985,1.1262651063584046,1.6666918225336564,0.7960280892512195,-3.463139924680878,1.1712225069411604,17.2
1.7389922857541493,-0.48642708374266413,1.0242702817272098,-2.4764268565718885,1.1262651063584046,1.6666918225336564,0.7960280892512195,-3.530717504791998,3.027733337974478,17.9
2.8677042996799367,-0.48642708374266413,1.0242702817272098,-1.669564410435176,1.1262651063584046,1.6666918225336564,0.7960280892512195,-1.564058791590097,1.0102778417413139,16.3
4.827117079177325,-0.48642708374266413,1.0242702817272098,-2.6433111196248325,1.1262651063584046,1.6666918225336564,0.7960280892512195,-2.888622542330427,3.3962119135636004,7.0
1.6557101056270067,-0.48642708374266413,1.0242702817272098,0.28864634593836314,1.1262651063584046,1.6666918225336564,0.7960280892512195,-3.547342021304958,2.276658233708528,7.2
0.8244475522213989,-0.48642708374266413,1.0242702817272098,0.8214511490798732,0.7996161258032015,1.6666918225336564,0.7960280892512195,-3.6086584198722362,1.8164129630493173,7.5
2.5564050492927985,-0.48642708374266413,1.0242702817272098,-1.4414382159866557,0.7392570750484356,1.6666918225336564,0.7960280892512195,-2.466640496556674,1.9364155642948173,10.4
8.013027350891305,-0.48642708374266413,1.0242702817272098,-0.44166368595387984,1.1262651063584046,1.6666918225336564,0.7960280892512195,-3.6639295397075298,1.0865147884149258,8.8
0.9365872829239844,-0.48642708374266413,1.0242702817272098,0.8857551770452275,0.2918899929837012,1.6666918225336564,0.7960280892512195,-3.3184850407369466,1.3858153938742892,8.4
0.8534770786643953,-0.48642708374266413,1.0242702817272098,0.2534322353859061,1.1262651063584046,1.6666918225336564,0.7960280892512195,-0.40055853849480155,0.29590941550339844,16.7
0.38744426120485514,-0.48642708374266413,1.0242702817272098,-0.3666423199942988,0.9593900836834639,1.6666918225336564,0.7960280892512195,-0.3872805155656196,0.3919114964997981,14.2
0.9636333543611991,-0.48642708374266413,1.0242702817272098,-0.9147576059847039,0.6859990890883482,1.6666918225336564,0.7960280892512195,-0.6941863626197972,0.16602424709650473,20.8
0.39063498680086056,-0.48642708374266413,1.0242702817272098,-0.218130636360028,0.5972357791548691,1.6666918225336564,0.7960280892512195,-3.8143058481656618,1.4634641358566713,13.4
0.5903218991459102,-0.48642708374266413,1.0242702817272098,-1.0418346136305228,0.08240858154069038,1.6666918225336564,0.7960280892512195,-3.802107339295763,0.5980336115803035,11.7
1.4006928241611438,-0.48642708374266413,1.0242702817272098,-0.535057631332133,0.9629406160808034,1.6666918225336564,0.7960280892512195,-3.758602922706655,1.6187616198214358,8.3
0.986448819456603,-0.48642708374266413,1.0242702817272098,-0.6253894801406077,-0.30459944976927816,1.6666918225336564,0.7960280892512195,-3.5754093868463177,0.39049970119102756,10.2
3.9002588735277586,-0.48642708374266413,1.0242702817272098,-0.06655685615597737,0.37000170572516294,1.6666918225336564,0.7960280892512195,-3.638345056502521,0.22531965006486926,10.9
0.426943678464496,-0.48642708374266413,1.0242702817272098,-0.08033629071998247,0.3486985113411276,1.6666918225336564,0.7960280892512195,-2.797295652915079,1.213576366204278,11.0
0.6530093958806535,-0.48642708374266413,1.0242702817272098,0.20596973855433526,0.9700416808754813,1.6666918225336564,0.7960280892512195,-3.186028665662913,1.5749959652495473,9.5
0.5559278721410347,-0.48642708374266413,1.0242702817272098,0.1569761934378745,0.6327411031282607,1.6666918225336564,0.7960280892512195,-2.940655119987871,0.6657997864012916,14.5
0.7359487707784732,-0.48642708374266413,1.0242702817272098,0.8995346116092326,0.9238847597100722,1.6666918225336564,0.7960280892512195,-2.9635408180446725,0.9552178246992614,14.1
0.3211143155953328,-0.48642708374266413,1.0242702817272098,0.27486691137435804,0.23153094222893533,1.6666918225336564,0.7960280892512195,-2.7841255813918258,-0.12621738181900619,16.1
0.22217315947457103,-0.48642708374266413,1.0242702817272098,0.29170844250814154,0.6966506862803661,1.6666918225336564,0.7960280892512195,-2.759944466463885,0.4653248525558684,14.3
1.1774796131348033,-0.48642708374266413,1.0242702817272098,-0.05737056644664063,0.9487384864914464,1.6666918225336564,0.7960280892512195,-2.755194604603039,0.31708634513495726,11.7
0.8618465708853221,-0.48642708374266413,1.0242702817272098,0.5872007614917947,0.9345363569020896,1.6666918225336564,0.7960280892512195,-2.65566340833714,1.4606405452391302,13.4
1.2356533165991648,-0.48642708374266413,1.0242702817272098,0.32998464963037705,0.8883794357366807,1.6666918225336564,0.7960280892512195,-3.5447511875626785,0.7236833940608856,9.6
1.3223750140773731,-0.48642708374266413,1.0242702817272098,-0.14310927040044696,1.1262651063584046,1.6666918225336564,0.7960280892512195,-3.7408988921344126,1.909591453428176,8.7
1.15050233204461,-0.48642708374266413,1.0242702817272098,-0.47534674822144696,0.6966506862803661,1.6666918225336564,0.7960280892512195,-3.0971846585839167,2.9783205021675085,8.4
0.6589414168054586,-0.48642708374266413,1.0242702817272098,-0.9469096199673811,0.9096826301207159,1.6666918225336564,0.7960280892512195,0.44308169883491927,1.4055805281970775,12.8
2.1104716247271043,-0.48642708374266413,1.0242702817272098,-0.6544793975535065,0.8564246441606285,1.6666918225336564,0.7960280892512195,0.38424818260399196,1.2968722894217426,10.5
0.6971831172203932,-0.48642708374266413,1.0242702817272098,0.24577699396145927,1.0268501992329082,1.6666918225336564,0.7960280892512195,0.3249828607493512,0.9312173044501613,17.1
0.231952853809435,-0.48642708374266413,1.0242702817272098,-0.04052903531285708,1.1262651063584046,1.6666918225336564,0.7960280892512195,0.43001957871759433,0.5175612789803802,18.4
0.7249698313938708,-0.48642708374266413,1.0242702817272098,0.36672980846772263,1.1262651063584046,1.6666918225336564,0.7960280892512195,0.33329511900583125,0.8366270187625324,15.4
1.0500913555091593,-0.48642708374266413,1.0242702817272098,-0.5993616592974874,1.0055470048488728,1.6666918225336564,0.7960280892512195,-1.245062387071949,1.5340539012952006,10.8
0.8058282982942954,-0.48642708374266413,1.0242702817272098,0.3269225530605972,0.941637421696768,1.6666918225336564,0.7960280892512195,-3.376670848532304,1.5608780121618417,11.8
0.3032311183813575,-0.48642708374266413,1.0242702817272098,0.14625885544364922,0.998445940054195,1.6666918225336564,0.7960280892512195,-0.40854694253349644,0.6869767160328502,14.9
0.7201900487816728,-0.48642708374266413,1.0242702817272098,0.008464509803603675,1.0055470048488728,1.6666918225336564,0.7960280892512195,0.3526184206669979,0.49638434934882164,12.6
0.6518858202126389,-0.48642708374266413,1.0242702817272098,-0.09258467699909766,1.0801081851929957,1.6666918225336564,0.7960280892512195,0.44308169883491927,0.73497775653105,14.1
0.4451616553673084,-0.48642708374266413,1.0242702817272098,0.2626185250952428,1.0659060556036388,1.6666918225336564,0.7960280892512195,-0.5575198827145605,0.9015696029659789,13.0
0.35249073937753966,-0.48642708374266413,1.0242702817272098,0.7709265556785225,0.8635257089553063,1.6666918225336564,0.7960280892512195,-3.8380551574698893,0.6375638802258801,13.4
0.2061301040434159,-0.48642708374266413,1.0242702817272098,0.62700801689892,1.0623555232062998,1.6666918225336564,0.7960280892512195,-0.006104101232766685,0.6785059441802268,15.2
0.16589119055329585,-0.48642708374266413,1.0242702817272098,0.078892730908515,0.8351214497765932,1.6666918225336564,0.7960280892512195,0.3155910884335884,0.6135633599767799,16.1
0.5279485449958973,-0.48642708374266413,1.0242702817272098,1.7569216511472945,1.1014113795770304,1.6666918225336564,0.7960280892512195,0.21605989216768945,0.5387382086119388,17.8
0.6730434379448288,-0.48642708374266413,1.0242702817272098,0.7387745416958453,0.9167836949153938,1.6666918225336564,0.7960280892512195,-3.769398063299486,0.8168618844397442,14.9
0.1271622251802938,-0.48642708374266413,1.0242702817272098,0.42797173986329856,0.6469432327176176,1.6666918225336564,0.7960280892512195,-3.2918210434726545,0.73497775653105,14.1
0.11758431586335892,-0.48642708374266413,1.0242702817272098,-0.4125737685409811,0.6966506862803661,1.6666918225336564,0.7960280892512195,-3.728376529046729,0.8592157437028618,12.7
0.5225014960175927,-0.48642708374266413,1.0242702817272098,-0.47381569993655703,0.42681022408258934,1.6666918225336564,0.7960280892512195,-3.8037266103846874,0.5669741147873508,13.5
0.47109790920591266,-0.48642708374266413,1.0242702817272098,0.08501692404807326,0.5475283255921211,1.6666918225336564,0.7960280892512195,-0.9029643816851437,0.46673664786463925,14.9
0.36205833014242134,-0.48642708374266413,1.0242702817272098,-0.25181369862759373,0.5723820523734954,1.6666918225336564,0.7960280892512195,0.44308169883491927,0.25073196562273975,20.0
0.13401374374361705,-0.48642708374266413,1.0242702817272098,0.6974362380038314,0.7712118666244883,1.6666918225336564,0.7960280892512195,-1.0862658689514093,0.4935607587312805,16.4
0.0057174535372914335,-0.48642708374266413,1.0242702817272098,0.19984554541477834,0.7144033482670619,1.6666918225336564,0.7960280892512195,0.38403227979213556,0.24367298907888696,17.7
0.34529068305597505,-0.48642708374266413,1.0242702817272098,0.10951369660630364,0.5226745988107468,1.6666918225336564,0.7960280892512195,0.44308169883491927,0.1504944987000284,19.5
0.24969847032936776,-0.48642708374266413,1.0242702817272098,0.4095991604446251,0.7676613342271493,1.6666918225336564,0.7960280892512195,0.40983266580900085,-0.3718697655450878,20.2
0.48108282807605696,-0.48642708374266413,1.0242702817272098,-0.05583951816175209,-0.10221910312094573,1.6666918225336564,0.7960280892512195,0.44308169883491927,0.041786259924693495,21.4
-0.05499117421480545,-0.48642708374266413,1.0242702817272098,-0.7448112463619797,-0.7129106754632819,1.6666918225336564,0.7960280892512195,-0.23161458821700098,0.17025963302281666,19.9
0.015103896388350276,-0.48642708374266413,1.0242702817272098,-0.4493189273783267,0.5830336495655127,1.6666918225336564,0.7960280892512195,-3.603908558011391,0.5966218162715328,19.0
0.08931721576651562,-0.48642708374266413,1.0242702817272098,-0.3712354648489672,0.9309858245047506,1.6666918225336564,0.7960280892512195,-0.2651874754607041,1.1853404600288664,19.1
1.3680632695573651,-0.48642708374266413,1.0242702817272098,-0.4891261827854507,0.09661071113004722,1.6666918225336564,0.7960280892512195,0.13909053974080643,0.73497775653105,19.1
1.0813680332881852,-0.48642708374266413,1.0242702817272098,-0.8152394674668925,-0.41111542168945303,1.6666918225336564,0.7960280892512195,0.44308169883491927,0.2592027374753633,20.1
0.08089154476218789,-0.48642708374266413,1.0242702817272098,-0.12014354612710648,0.5581799227841385,1.6666918225336564,0.7960280892512195,0.44308169883491927,0.47520741971726255,19.9
0.04530629824806,-0.48642708374266413,1.0242702817272098,-0.025218552463963435,0.7960655934058626,1.6666918225336564,0.7960280892512195,0.42613332810417515,-0.0076265758822771455,19.6
-0.008548517929146232,-0.48642708374266413,1.0242702817272098,0.29323949079303147,0.23863200702361378,1.6666918225336564,0.7960280892512195,0.40497485254222715,0.2027309251245399,23.2
0.11506888217394608,-0.48642708374266413,1.0242702817272098,1.1245987094879744,-0.024107390379484533,1.6666918225336564,0.7960280892512195,0.20321367486222092,-0.17845380824351767,29.8
0.5059012387755649,-0.48642708374266413,1.0242702817272098,-1.2531192769452608,0.9629406160808034,1.6666918225336564,0.7960280892512195,-0.03535893223933834,0.7363895518398208,13.8
0.31527516163900654,-0.48642708374266413,1.0242702817272098,-0.1277987875515533,1.0339512640275865,1.6666918225336564,0.7960280892512195,-0.573172836574165,1.5778195558670889,13.3
0.1408102300293233,-0.48642708374266413,1.0242702817272098,0.3651987601828327,0.899031032928698,1.6666918225336564,0.7960280892512195,0.43563305182586615,0.8126264985134323,16.7
1.304741755124242,-0.48642708374266413,1.0242702817272098,-1.4414382159866557,1.030400731630247,1.6666918225336564,0.7960280892512195,-0.06882386807711321,1.6921749758775062,12.0
0.7555196245060383,-0.48642708374266413,1.0242702817272098,-0.09258467699909766,1.0090975372462123,1.6666918225336564,0.7960280892512195,0.257405280638231,0.7208598034433444,14.6
1.2256672512232367,-0.48642708374266413,1.0242702817272098,-0.025218552463963435,0.700201218677705,1.6666918225336564,0.7960280892512195,0.29648368958427823,0.0262565115282169,21.4
0.2500263709835027,-0.48642708374266413,1.0242702817272098,-0.005314924760401422,-0.12707282990231997,1.6666918225336564,0.7960280892512195,0.44308169883491927,-0.3083389766504114,23.0
0.23674639449103718,-0.48642708374266413,1.0242702817272098,0.7724576039634123,0.23508147462627482,1.6666918225336564,0.7960280892512195,0.4017363103643778,-0.7318775692815866,23.7
0.2393810647819537,-0.48642708374266413,1.0242702817272098,1.2486136205640148,0.30964265497039706,1.6666918225336564,0.7960280892512195,0.4255935710745335,-0.8349386268218393,25.0
-0.09457084687930455,-0.48642708374266413,1.0242702817272098,-0.7402181015073127,-0.9934027348530761,1.6666918225336564,0.7960280892512195,0.40011703927545345,-0.3535164265310701,21.8
-0.1449953177517144,-0.48642708374266413,1.0242702817272098,-0.5733338384543671,-0.9365942164956494,1.6666918225336564,0.7960280892512195,0.16057286952053967,0.058727803629940394,20.6
0.0034886462938007383,-0.48642708374266413,1.0242702817272098,0.10185845518185682,-0.5815409767617331,1.6666918225336564,0.7960280892512195,0.3536979347262812,-0.33092770159074075,21.2
0.23486268548843678,-0.48642708374266413,1.0242702817272098,-0.20128910522624444,0.4090575620958935,1.6666918225336564,0.7960280892512195,0.39752620553317397,0.29026223426831627,19.1
0.13671261835842016,-0.48642708374266413,1.0242702817272098,-0.5212781967681279,-0.5353840555963237,1.6666918225336564,0.7960280892512195,0.34937987848914914,-0.20810150972770006,20.6
-0.40040355768981534,-0.48642708374266413,2.43749017644693,-1.2117809732532467,0.8670762413526458,-0.634460595165672,0.7486454648910288,0.42354249436189567,0.7250951893696559,15.2
-0.39667626738704354,-0.48642708374266413,2.43749017644693,-1.2730229046488228,1.0659060556036388,-0.634460595165672,0.7486454648910288,-0.12744148149618412,1.559466216853071,7.0
-0.3939143349541376,-0.48642708374266413,2.43749017644693,-1.7644894040983188,1.0552544584116215,-0.634460595165672,0.7486454648910288,-0.4040129834845073,2.3656013381610745,8.1
-0.40557659178581845,-0.48642708374266413,2.43749017644693,-0.40185643054675585,1.0836587175903345,-0.634460595165672,0.7486454648910288,0.3697826942095991,0.7265069846784267,13.6
-0.40493684155852017,-0.48642708374266413,2.43749017644693,-0.40185643054675585,0.5404272607974426,-0.634460595165672,0.7486454648910288,0.44308169883491927,0.060139598938710945,20.1
-0.3978296522054343,-0.48642708374266413,-0.20863213679901974,-0.8244257571762291,-0.5069797964176106,-0.4043453533957391,0.32220184564930304,0.44308169883491927,-0.1290409724365473,21.8
-0.38564688174795886,-0.48642708374266413,-0.20863213679901974,-0.4891261827854507,-0.9117404897142751,-0.4043453533957391,0.32220184564930304,0.44308169883491927,0.09402268634920499,24.5
-0.39717843692029914,-0.48642708374266413,-0.20863213679901974,-0.8810745437171368,-1.4017139605470799,-0.4043453533957391,0.32220184564930304,0.40411124129480086,0.6601526051662094,23.1
-0.3844969364469192,-0.48642708374266413,-0.20863213679901974,-1.3097680634861684,0.16407082667949155,-0.4043453533957391,0.32220184564930304,0.44308169883491927,1.159928144470996,19.7
-0.3869298217199065,-0.48642708374266413,-0.20863213679901974,-0.691224556390852,0.08240858154069038,-0.4043453533957391,0.32220184564930304,0.44308169883491927,0.16602424709650473,18.3
-0.39028449764297946,-0.48642708374266413,-0.20863213679901974,-0.3467386922907368,-0.1057696355182852,-0.4043453533957391,0.32220184564930304,0.44308169883491927,-0.0005675993384241254,21.2
-0.397311431591207,-0.48642708374266413,-0.20863213679901974,-1.0357104204909657,0.18537402106352632,-0.4043453533957391,0.32220184564930304,0.4308831899650206,0.30720377797356313,17.5
-0.39197444716813645,-0.48642708374266413,-0.20863213679901974,-0.3344903060116216,0.40550702969855457,-0.4043453533957391,0.32220184564930304,0.44308169883491927,0.19849553919822824,16.8
-0.4105191782193001,-0.48642708374266413,0.11975090927693198,0.5320830232357769,0.02915059558060292,-0.9796334578205713,1.1750890841327528,0.3900775585241208,-0.45940107468886393,22.4
-0.4125095122597836,-0.48642708374266413,0.11975090927693198,-0.19210281551690772,0.29899105777837964,-0.9796334578205713,1.1750890841327528,0.44308169883491927,-0.5426969979063283,20.6
-0.4107335748008499,-0.48642708374266413,0.11975090927693198,1.1184745163484162,0.8067171905978799,-0.9796334578205713,1.1750890841327528,0.44308169883491927,-1.0283545841234094,23.9
-0.4051351870590983,-0.48642708374266413,0.11975090927693198,0.8398237284985453,0.746358139843114,-0.9796334578205713,1.1750890841327528,0.40583846378965344,-0.9097637781866802,22.0
-0.4122641600220742,-0.48642708374266413,0.11975090927693198,-0.3298971611569532,0.4445628860692852,-0.9796334578205713,1.1750890841327528,0.44308169883491927,-0.7121124349587985,11.9
